Open,High,Low,Close,Adj Close,Volume,Date
35035.98438,35035.98438,32883.78125,33572.11719,33572.11719,37838957079,7/1/21
33549.60156,33939.58984,32770.67969,33897.04688,33897.04688,38728974942,7/2/21
33854.42188,34909.26172,33402.69531,34668.54688,34668.54688,24383958643,7/3/21
34665.56641,35937.56641,34396.47656,35287.78125,35287.78125,24924307911,7/4/21
35284.34375,35284.34375,33213.66016,33746.00391,33746.00391,26721554282,7/5/21
33723.50781,35038.53516,33599.91797,34235.19531,34235.19531,26501259870,7/6/21
34225.67969,34997.66406,33839.28906,33855.32813,33855.32813,24796027477,7/7/21
33889.60547,33907.90625,32133.18359,32877.37109,32877.37109,29910396946,7/8/21
32861.67188,34042.29297,32318.88086,33798.01172,33798.01172,27436021028,7/9/21
33811.24219,34209.07031,33116.01172,33520.51953,33520.51953,22971873468,7/10/21
33509.07813,34584.70313,33346.73828,34240.1875,34240.1875,20108729370,7/11/21
34254.01563,34592.15625,32697.30859,33155.84766,33155.84766,24321499537,7/12/21
33125.46875,33327.10156,32261.41992,32702.02539,32702.02539,19120856669,7/13/21
32723.8457,33061.39844,31639.125,32822.34766,32822.34766,21376531210,7/14/21
32827.875,33159.64063,31175.70898,31780.73047,31780.73047,21300524237,7/15/21
31841.55078,32218.40625,31100.67383,31421.53906,31421.53906,23699476918,7/16/21
31397.30859,31935.94531,31223.99023,31533.06836,31533.06836,18895018942,7/17/21
31533.88477,32398.99609,31215.49219,31796.81055,31796.81055,18787986667,7/18/21
31800.01172,31885.85938,30563.73438,30817.83203,30817.83203,20434789545,7/19/21
30838.28516,31006.1875,29360.95508,29807.34766,29807.34766,23148267245,7/20/21
29796.28516,32752.32617,29526.18359,32110.69336,32110.69336,28203024559,7/21/21
32138.87305,32576.40039,31745.29883,32313.10547,32313.10547,19555230518,7/22/21
32305.95898,33581.55078,32057.89258,33581.55078,33581.55078,22552046192,7/23/21
33593.73047,34490.39063,33424.85938,34292.44531,34292.44531,21664706865,7/24/21
34290.29297,35364.92578,33881.83594,35350.1875,35350.1875,20856685287,7/25/21
35384.03125,40499.67578,35287.3125,37337.53516,37337.53516,51022126212,7/26/21
37276.03516,39406.94141,36441.72656,39406.94141,39406.94141,35097370560,7/27/21
39503.1875,40816.07031,38862.4375,39995.90625,39995.90625,38702404695,7/28/21
39995.45313,40593.07031,39352.05859,40008.42188,40008.42188,27167146027,7/29/21
40027.48438,42235.54688,38397.35547,42235.54688,42235.54688,33072782960,7/30/21
42196.30469,42231.44922,41110.83203,41626.19531,41626.19531,25802845343,7/31/21
41460.84375,42541.67969,39540.94141,39974.89453,39974.89453,26688438115,8/1/21
39907.26172,40419.17969,38746.34766,39201.94531,39201.94531,25595265436,8/2/21
39178.40234,39750.03125,37782.05078,38152.98047,38152.98047,26189830450,8/3/21
38213.33203,39952.29688,37589.16406,39747.50391,39747.50391,25372562724,8/4/21
39744.51563,41341.93359,37458.00391,40869.55469,40869.55469,35185031017,8/5/21
40865.86719,43271.66016,39932.17969,42816.5,42816.5,38226483046,8/6/21
42832.79688,44689.85938,42618.56641,44555.80078,44555.80078,40030862141,8/7/21
44574.4375,45282.35156,43331.91016,43798.11719,43798.11719,36302664750,8/8/21
43791.92578,46456.83203,42848.6875,46365.40234,46365.40234,38734079049,8/9/21
46280.84766,46637.98828,44705.55469,45585.03125,45585.03125,33546019517,8/10/21
45599.70313,46735.63281,45351.71094,45593.63672,45593.63672,34319709073,8/11/21
45576.87891,46228.91016,43861.44531,44428.28906,44428.28906,33723620826,8/12/21
44439.69141,47831.97656,44282.41797,47793.32031,47793.32031,31744259539,8/13/21
47810.6875,48098.68359,46177.63281,47096.94531,47096.94531,31211354442,8/14/21
47096.66797,47357.10547,45579.58984,47047.00391,47047.00391,30988958446,8/15/21
47019.96094,47998.09766,45700.32031,46004.48438,46004.48438,32776876610,8/16/21
45936.45703,47139.57031,44512.41797,44695.35938,44695.35938,33451362600,8/17/21
44686.75,45952.0625,44364.02734,44801.1875,44801.1875,32194123075,8/18/21
44741.88281,46970.76172,43998.31641,46717.57813,46717.57813,37204312299,8/19/21
46723.12109,49342.15234,46650.70703,49339.17578,49339.17578,34706867452,8/20/21
49327.07422,49717.01953,48312.19922,48905.49219,48905.49219,40585205312,8/21/21
48869.10547,49471.60938,48199.94141,49321.65234,49321.65234,25370975378,8/22/21
49291.67578,50482.07813,49074.60547,49546.14844,49546.14844,34305053719,8/23/21
49562.34766,49878.76953,47687.11719,47706.11719,47706.11719,35361168834,8/24/21
47727.25781,49202.87891,47163.61328,48960.78906,48960.78906,32646349931,8/25/21
49002.64063,49347.58203,46405.78125,46942.21875,46942.21875,32666549568,8/26/21
46894.55469,49112.78516,46394.28125,49058.66797,49058.66797,34511076995,8/27/21
49072.58594,49283.50391,48499.23828,48902.40234,48902.40234,28568103401,8/28/21
48911.25,49644.11328,47925.85547,48829.83203,48829.83203,25889650240,8/29/21
48834.85156,48925.60547,46950.27344,47054.98438,47054.98438,31847007016,8/30/21
47024.33984,48189.55078,46750.09375,47166.6875,47166.6875,34730363427,8/31/21
47099.77344,49111.08984,46562.4375,48847.02734,48847.02734,39139399125,9/1/21
48807.84766,50343.42188,48652.32031,49327.72266,49327.72266,39508070319,9/2/21
49288.25,50982.27344,48386.08594,50025.375,50025.375,43206179619,9/3/21
50009.32422,50545.58203,49548.78125,49944.625,49944.625,37471327794,9/4/21
49937.85938,51868.67969,49538.59766,51753.41016,51753.41016,30322676319,9/5/21
51769.00391,52700.94141,51053.67969,52633.53516,52633.53516,38884105426,9/6/21
52660.48047,52853.76563,43285.20703,46811.12891,46811.12891,65210059683,9/7/21
46827.76172,47334.05469,44561.39453,46091.39063,46091.39063,49007762488,9/8/21
45774.74219,47261.94922,45669.73828,46391.42188,46391.42188,38672657013,9/9/21
46396.66406,47031.74219,44344.48438,44883.91016,44883.91016,39154666597,9/10/21
44869.83984,45969.29297,44818.26563,45201.45703,45201.45703,34499835245,9/11/21
45206.62891,46364.87891,44790.46094,46063.26953,46063.26953,27881980161,9/12/21
46057.21484,46598.67969,43591.32031,44963.07422,44963.07422,40969943253,9/13/21
44960.05078,47218.125,44752.33203,47092.49219,47092.49219,38652152880,9/14/21
47098,48450.46875,46773.32813,48176.34766,48176.34766,30484496466,9/15/21
48158.90625,48486.82813,47079.55859,47783.35938,47783.35938,31764293754,9/16/21
47771.00391,48160.92188,46832.52344,47267.51953,47267.51953,28727713711,9/17/21
47273.52734,48791.78125,47087.28516,48278.36328,48278.36328,28575630451,9/18/21
48268.85547,48328.36719,46919.80469,47260.21875,47260.21875,26967722648,9/19/21
47261.40625,47328.19922,42598.91406,42843.80078,42843.80078,43909845642,9/20/21
43012.23438,43607.60938,39787.60938,40693.67578,40693.67578,48701090088,9/21/21
40677.95313,43978.62109,40625.63281,43574.50781,43574.50781,38139709246,9/22/21
43560.29688,44942.17578,43109.33984,44895.09766,44895.09766,34244064430,9/23/21
44894.30078,45080.49219,40936.55859,42839.75,42839.75,42839345714,9/24/21
42840.89063,42996.25781,41759.92188,42716.59375,42716.59375,31604717236,9/25/21
42721.62891,43919.30078,40848.46094,43208.53906,43208.53906,30661222077,9/26/21
43234.18359,44313.24609,42190.63281,42235.73047,42235.73047,30980029059,9/27/21
42200.89844,42775.14453,40931.66406,41034.54297,41034.54297,30214940550,9/28/21
41064.98438,42545.25781,40829.66797,41564.36328,41564.36328,30602359905,9/29/21
41551.26953,44092.60156,41444.58203,43790.89453,43790.89453,31141681925,9/30/21
43816.74219,48436.01172,43320.02344,48116.94141,48116.94141,42850641582,10/1/21
48137.46875,48282.0625,47465.49609,47711.48828,47711.48828,30614346492,10/2/21
47680.02734,49130.69141,47157.28906,48199.95313,48199.95313,26638115879,10/3/21
48208.90625,49456.77734,47045.00391,49112.90234,49112.90234,33383173002,10/4/21
49174.96094,51839.98438,49072.83984,51514.8125,51514.8125,35873904236,10/5/21
51486.66406,55568.46484,50488.19141,55361.44922,55361.44922,49034730168,10/6/21
55338.625,55338.625,53525.46875,53805.98438,53805.98438,36807860413,10/7/21
53802.14453,55922.98047,53688.05469,53967.84766,53967.84766,34800873924,10/8/21
53929.78125,55397.94531,53735.14453,54968.22266,54968.22266,32491211414,10/9/21
54952.82031,56401.30469,54264.25781,54771.57813,54771.57813,39527792364,10/10/21
54734.125,57793.03906,54519.76563,57484.78906,57484.78906,42637331698,10/11/21
57526.83203,57627.87891,54477.97266,56041.05859,56041.05859,41083758949,10/12/21
56038.25781,57688.66016,54370.97266,57401.09766,57401.09766,41684252783,10/13/21
57372.83203,58478.73438,56957.07422,57321.52344,57321.52344,36615791366,10/14/21
57345.90234,62757.12891,56868.14453,61593.94922,61593.94922,51780081801,10/15/21
61609.52734,62274.47656,60206.12109,60892.17969,60892.17969,34250964237,10/16/21
60887.65234,61645.52344,59164.46875,61553.61719,61553.61719,29032367511,10/17/21
61548.80469,62614.66016,60012.75781,62026.07813,62026.07813,38055562075,10/18/21
62043.16406,64434.53516,61622.93359,64261.99219,64261.99219,40471196346,10/19/21
64284.58594,66930.39063,63610.67578,65992.83594,65992.83594,40788955582,10/20/21
66002.23438,66600.54688,62117.41016,62210.17188,62210.17188,45908121370,10/21/21
62237.89063,63715.02344,60122.79688,60692.26563,60692.26563,38434082775,10/22/21
60694.62891,61743.87891,59826.52344,61393.61719,61393.61719,26882546034,10/23/21
61368.34375,61505.80469,59643.34375,60930.83594,60930.83594,27316183882,10/24/21
60893.92578,63729.32422,60691.80078,63039.82422,63039.82422,31064911614,10/25/21
63032.76172,63229.02734,59991.16016,60363.79297,60363.79297,34878965587,10/26/21
60352,61435.18359,58208.1875,58482.38672,58482.38672,43657076893,10/27/21
58470.73047,62128.63281,58206.91797,60622.13672,60622.13672,45257083247,10/28/21
60624.87109,62927.60938,60329.96484,62227.96484,62227.96484,36856881767,10/29/21
62239.36328,62330.14453,60918.38672,61888.83203,61888.83203,32157938616,10/30/21
61850.48828,62406.17188,60074.32813,61318.95703,61318.95703,32241199927,10/31/21
61320.44922,62419.00391,59695.18359,61004.40625,61004.40625,36150572843,11/1/21
60963.25391,64242.79297,60673.05469,63226.40234,63226.40234,37746665647,11/2/21
63254.33594,63516.9375,61184.23828,62970.04688,62970.04688,36124731509,11/3/21
62941.80469,63123.28906,60799.66406,61452.23047,61452.23047,32615846901,11/4/21
61460.07813,62541.46875,60844.60938,61125.67578,61125.67578,30605102446,11/5/21
61068.875,61590.68359,60163.78125,61527.48047,61527.48047,29094934221,11/6/21
61554.92188,63326.98828,61432.48828,63326.98828,63326.98828,24726754302,11/7/21
63344.06641,67673.74219,63344.06641,67566.82813,67566.82813,41125608330,11/8/21
67549.73438,68530.33594,66382.0625,66971.82813,66971.82813,42357991721,11/9/21
66953.33594,68789.625,63208.11328,64995.23047,64995.23047,48730828378,11/10/21
64978.89063,65579.01563,64180.48828,64949.96094,64949.96094,35880633236,11/11/21
64863.98047,65460.81641,62333.91406,64155.94141,64155.94141,36084893887,11/12/21
64158.12109,64915.67578,63303.73438,64469.52734,64469.52734,30474228777,11/13/21
64455.37109,65495.17969,63647.80859,65466.83984,65466.83984,25122092191,11/14/21
65521.28906,66281.57031,63548.14453,63557.87109,63557.87109,30558763548,11/15/21
63721.19531,63721.19531,59016.33594,60161.24609,60161.24609,46844335592,11/16/21
60139.62109,60823.60938,58515.41016,60368.01172,60368.01172,39178392930,11/17/21
60360.13672,60948.5,56550.79297,56942.13672,56942.13672,41388338699,11/18/21
56896.12891,58351.11328,55705.17969,58119.57813,58119.57813,38702407772,11/19/21
58115.08203,59859.87891,57469.72656,59697.19531,59697.19531,30624264863,11/20/21
59730.50781,60004.42578,58618.92969,58730.47656,58730.47656,26123447605,11/21/21
58706.84766,59266.35938,55679.83984,56289.28906,56289.28906,35036121783,11/22/21
56304.55469,57875.51563,55632.76172,57569.07422,57569.07422,37485803899,11/23/21
57565.85156,57803.06641,55964.22266,56280.42578,56280.42578,36635566789,11/24/21
57165.41797,59367.96875,57146.68359,57274.67969,57274.67969,34284016248,11/25/21
58960.28516,59183.48047,53569.76563,53569.76563,53569.76563,41810748221,11/26/21
53736.42969,55329.25781,53668.35547,54815.07813,54815.07813,30560857714,11/27/21
54813.02344,57393.84375,53576.73438,57248.45703,57248.45703,28116886357,11/28/21
57291.90625,58872.87891,56792.52734,57806.56641,57806.56641,32370840356,11/29/21
57830.11328,59113.40234,56057.28125,57005.42578,57005.42578,36708594618,11/30/21
56907.96484,59041.68359,56553.08203,57229.82813,57229.82813,36858195307,12/1/21
57217.37109,57349.23438,55895.13281,56477.81641,56477.81641,32379968686,12/2/21
56509.16406,57482.16797,52496.58594,53598.24609,53598.24609,39789134215,12/3/21
53727.87891,53904.67969,42874.61719,49200.70313,49200.70313,61385677469,12/4/21
49201.51953,49768.14844,47857.49609,49368.84766,49368.84766,37198201161,12/5/21
49413.48047,50929.51953,47281.03516,50582.625,50582.625,37707308001,12/6/21
50581.82813,51934.78125,50175.80859,50700.08594,50700.08594,33676814852,12/7/21
50667.64844,51171.375,48765.98828,50504.79688,50504.79688,28479699446,12/8/21
50450.08203,50797.16406,47358.35156,47672.12109,47672.12109,29603577251,12/9/21
47642.14453,50015.25391,47023.69922,47243.30469,47243.30469,30966005122,12/10/21
47264.63281,49458.21094,46942.34766,49362.50781,49362.50781,25775869261,12/11/21
49354.85547,50724.86719,48725.85156,50098.33594,50098.33594,21939223599,12/12/21
50114.74219,50205,45894.84766,46737.48047,46737.48047,32166727776,12/13/21
46709.82422,48431.39844,46424.49609,46612.63281,46612.63281,34638619079,12/14/21
48379.75391,49473.95703,46671.96484,48896.72266,48896.72266,36541828520,12/15/21
48900.46484,49425.57422,47529.87891,47665.42578,47665.42578,27268150947,12/16/21
47653.73047,48004.89453,45618.21484,46202.14453,46202.14453,32902725329,12/17/21
46219.25391,47313.82813,45598.44141,46848.77734,46848.77734,26098292690,12/18/21
46853.86719,48089.66406,46502.95313,46707.01563,46707.01563,25154053861,12/19/21
46707.0625,47401.71875,45579.80859,46880.27734,46880.27734,30961902129,12/20/21
46886.07813,49300.91797,46698.77344,48936.61328,48936.61328,27055803928,12/21/21
48937.09766,49544.79688,48450.94141,48628.51172,48628.51172,24447979559,12/22/21
48626.34375,51332.33984,48065.83594,50784.53906,50784.53906,28223878108,12/23/21
50806.05078,51814.02734,50514.49609,50822.19531,50822.19531,24367912228,12/24/21
50854.91797,51176.59766,50236.70703,50429.85938,50429.85938,19030650914,12/25/21
50428.69141,51196.37891,49623.10547,50809.51563,50809.51563,20964372926,12/26/21
50802.60938,51956.32813,50499.46875,50640.41797,50640.41797,24324345758,12/27/21
50679.85938,50679.85938,47414.21094,47588.85547,47588.85547,33430376883,12/28/21
47623.87109,48119.74219,46201.49609,46444.71094,46444.71094,30049226299,12/29/21
46490.60547,47879.96484,46060.3125,47178.125,47178.125,26686491018,12/30/21
47169.37109,48472.52734,45819.95313,46306.44531,46306.44531,36974172400,12/31/21
46311.74609,47827.3125,46288.48438,47686.8125,47686.8125,24582667004,1/1/22
47680.92578,47881.40625,46856.9375,47345.21875,47345.21875,27951569547,1/2/22
47343.54297,47510.72656,45835.96484,46458.11719,46458.11719,33071628362,1/3/22
46458.85156,47406.54688,45752.46484,45897.57422,45897.57422,42494677905,1/4/22
45899.35938,46929.04688,42798.22266,43569.00391,43569.00391,36851084859,1/5/22
43565.51172,43748.71875,42645.53906,43160.92969,43160.92969,30208048289,1/6/22
43153.57031,43153.57031,41077.44531,41557.90234,41557.90234,84196607520,1/7/22
41561.46484,42228.94141,40672.27734,41733.94141,41733.94141,28066355845,1/8/22
41734.72656,42663.94922,41338.16016,41911.60156,41911.60156,21294384372,1/9/22
41910.23047,42199.48438,39796.57031,41821.26172,41821.26172,32104232331,1/10/22
41819.50781,43001.15625,41407.75391,42735.85547,42735.85547,26327648900,1/11/22
42742.17969,44135.36719,42528.98828,43949.10156,43949.10156,33499938689,1/12/22
43946.74219,44278.42188,42447.04297,42591.57031,42591.57031,47691135082,1/13/22
42598.87109,43346.6875,41982.61719,43099.69922,43099.69922,23577403399,1/14/22
43101.89844,43724.67188,42669.03516,43177.39844,43177.39844,18371348298,1/15/22
43172.03906,43436.80859,42691.02344,43113.87891,43113.87891,17902097845,1/16/22
43118.12109,43179.39063,41680.32031,42250.55078,42250.55078,21690904261,1/17/22
42250.07422,42534.40234,41392.21484,42375.63281,42375.63281,22417209227,1/18/22
42374.03906,42478.30469,41242.91406,41744.32813,41744.32813,23091543258,1/19/22
41744.02734,43413.02344,40672.82422,40680.41797,40680.41797,20382033940,1/20/22
40699.60547,41060.52734,35791.42578,36457.31641,36457.31641,43011992031,1/21/22
36471.58984,36688.8125,34349.25,35030.25,35030.25,39714385405,1/22/22
35047.35938,36433.3125,34784.96875,36276.80469,36276.80469,26017975951,1/23/22
36275.73438,37247.51953,33184.05859,36654.32813,36654.32813,41856658597,1/24/22
36654.80469,37444.57031,35779.42969,36954.00391,36954.00391,26428189594,1/25/22
36950.51563,38825.41016,36374.90625,36852.12109,36852.12109,31324598034,1/26/22
36841.87891,37148.32422,35629.28125,37138.23438,37138.23438,25041426629,1/27/22
37128.44531,37952.87891,36211.10938,37784.33203,37784.33203,22238830523,1/28/22
37780.71484,38576.26172,37406.47266,38138.17969,38138.17969,17194183075,1/29/22
38151.91797,38266.33984,37437.71094,37917.60156,37917.60156,14643548444,1/30/22
37920.28125,38647.26172,36733.57422,38483.125,38483.125,20734730465,1/31/22
38481.76563,39115.13281,38113.66406,38743.27344,38743.27344,20288500328,2/1/22
38743.71484,38834.61719,36832.73047,36952.98438,36952.98438,19155189416,2/2/22
36944.80469,37154.60156,36375.53906,37154.60156,37154.60156,18591534769,2/3/22
37149.26563,41527.78516,37093.62891,41500.875,41500.875,29412210792,2/4/22
41501.48047,41847.16406,41038.09766,41441.16406,41441.16406,19652846215,2/5/22
41441.12109,42500.78516,41244.90625,42412.43359,42412.43359,16142097334,2/6/22
42406.78125,44401.86328,41748.15625,43840.28516,43840.28516,28641855926,2/7/22
43854.65234,45293.86719,42807.83594,44118.44531,44118.44531,33079398868,2/8/22
44096.70313,44727.80078,43232.96875,44338.79688,44338.79688,23245887300,2/9/22
44347.80078,45661.17188,43402.80859,43565.11328,43565.11328,32142048537,2/10/22
43571.12891,43810.83203,42114.53906,42407.9375,42407.9375,26954925781,2/11/22
42412.30078,42992.55078,41852.57422,42244.46875,42244.46875,18152390304,2/12/22
42236.56641,42693.05469,41950.94141,42197.51563,42197.51563,14741589015,2/13/22
42157.39844,42775.77734,41681.95703,42586.91797,42586.91797,20827783012,2/14/22
42586.46484,44667.21875,42491.03516,44575.20313,44575.20313,22721659051,2/15/22
44578.27734,44578.27734,43456.69141,43961.85938,43961.85938,19792547657,2/16/22
43937.07031,44132.97266,40249.37109,40538.01172,40538.01172,26246662813,2/17/22
40552.13281,40929.15234,39637.61719,40030.97656,40030.97656,23310007704,2/18/22
40026.02344,40418.87891,39713.05859,40122.15625,40122.15625,13736557863,2/19/22
40118.10156,40119.89063,38112.8125,38431.37891,38431.37891,18340576452,2/20/22
38423.21094,39394.4375,36950.47656,37075.28125,37075.28125,29280402798,2/21/22
37068.76953,38359.85547,36488.93359,38286.02734,38286.02734,25493150450,2/22/22
38285.28125,39122.39453,37201.81641,37296.57031,37296.57031,21849073843,2/23/22
37278.56641,38968.83984,34459.21875,38332.60938,38332.60938,46383802093,2/24/22
38333.74609,39630.32422,38111.34375,39214.21875,39214.21875,26545599159,2/25/22
39213.08203,40005.34766,38702.53516,39105.14844,39105.14844,17467554129,2/26/22
39098.69922,39778.94141,37268.97656,37709.78516,37709.78516,23450127612,2/27/22
37706,43760.45703,37518.21484,43193.23438,43193.23438,35690014104,2/28/22
43194.50391,44793.60156,42952.58594,44354.63672,44354.63672,32479047645,3/1/22
44357.61719,45077.57813,43432.85156,43924.11719,43924.11719,29183112630,3/2/22
43925.19531,44021.57813,41914.75,42451.78906,42451.78906,24967782593,3/3/22
42458.14063,42479.61328,38805.84766,39137.60547,39137.60547,28516271427,3/4/22
39148.44922,39566.33594,38777.03516,39400.58594,39400.58594,16975917450,3/5/22
39404.19922,39640.17578,38211.64844,38419.98438,38419.98438,19745229902,3/6/22
38429.30469,39430.22656,37260.20313,38062.03906,38062.03906,28546143503,3/7/22
38059.90234,39304.44141,37957.38672,38737.26953,38737.26953,25776583476,3/8/22
38742.81641,42465.67188,38706.09375,41982.92578,41982.92578,32284121034,3/9/22
41974.07031,42004.72656,38832.94141,39437.46094,39437.46094,31078064711,3/10/22
39439.96875,40081.67969,38347.43359,38794.97266,38794.97266,26364890465,3/11/22
38794.46484,39308.59766,38772.53516,38904.01172,38904.01172,14616450657,3/12/22
38884.72656,39209.35156,37728.14453,37849.66406,37849.66406,17300745310,3/13/22
37846.31641,39742.5,37680.73438,39666.75391,39666.75391,24322159070,3/14/22
39664.25,39794.62891,38310.21094,39338.78516,39338.78516,23934000868,3/15/22
39335.57031,41465.45313,39022.34766,41143.92969,41143.92969,39616916192,3/16/22
41140.84375,41287.53516,40662.87109,40951.37891,40951.37891,22009601093,3/17/22
40944.83984,42195.74609,40302.39844,41801.15625,41801.15625,34421564942,3/18/22
41794.64844,42316.55469,41602.66797,42190.65234,42190.65234,19664853187,3/19/22
42191.40625,42241.16406,41004.75781,41247.82422,41247.82422,20127946682,3/20/22
41246.13281,41454.41016,40668.04297,41077.99609,41077.99609,24615543271,3/21/22
41074.10547,43124.70703,40948.28125,42358.80859,42358.80859,32004652376,3/22/22
42364.37891,42893.50781,41877.50781,42892.95703,42892.95703,25242943069,3/23/22
42886.65234,44131.85547,42726.16406,43960.93359,43960.93359,31042992291,3/24/22
43964.54688,44999.49219,43706.28516,44348.73047,44348.73047,30574413034,3/25/22
44349.85938,44735.99609,44166.27344,44500.82813,44500.82813,16950455995,3/26/22
44505.35547,46827.54688,44437.29297,46820.49219,46820.49219,28160889722,3/27/22
46821.85156,48086.83594,46690.20313,47128.00391,47128.00391,36362175703,3/28/22
47100.4375,48022.28906,47100.4375,47465.73047,47465.73047,31397059069,3/29/22
47456.89844,47655.14844,46746.21094,47062.66406,47062.66406,29333883962,3/30/22
47062.14844,47512.02734,45390.53906,45538.67578,45538.67578,33327427106,3/31/22
45554.16406,46616.24219,44403.14063,46281.64453,46281.64453,38162644287,4/1/22
46285.5,47028.28125,45782.51172,45868.94922,45868.94922,29336594194,4/2/22
45859.12891,47313.47656,45634.10547,46453.56641,46453.56641,25414397610,4/3/22
46445.27344,46791.08984,45235.81641,46622.67578,46622.67578,32499785455,4/4/22
46624.50781,47106.14063,45544.80859,45555.99219,45555.99219,29640604055,4/5/22
45544.35547,45544.35547,43193.95313,43206.73828,43206.73828,39393395788,4/6/22
43207.5,43860.69922,42899.90625,43503.84766,43503.84766,26101973106,4/7/22
43505.13672,43903.01953,42183.28906,42287.66406,42287.66406,27215995394,4/8/22
42282.07813,42786.81641,42183.25391,42782.13672,42782.13672,16050772496,4/9/22
42781.08984,43376.37891,42021.20703,42207.67188,42207.67188,17654475582,4/10/22
42201.03906,42424.58984,39373.05859,39521.90234,39521.90234,33949912166,4/11/22
39533.71484,40617.58594,39388.32813,40127.18359,40127.18359,30991500854,4/12/22
40123.57031,41430.05469,39712.74609,41166.73047,41166.73047,27691105228,4/13/22
41160.21875,41451.48047,39695.74609,39935.51563,39935.51563,24342001973,4/14/22
39939.40234,40617.72266,39866.83203,40553.46484,40553.46484,21756855753,4/15/22
40552.31641,40633.67969,40078.42578,40424.48438,40424.48438,16833150693,4/16/22
40417.77734,40570.72656,39620.89453,39716.95313,39716.95313,19087633042,4/17/22
39721.20313,40986.32031,38696.19141,40826.21484,40826.21484,33705182072,4/18/22
40828.17578,41672.96094,40618.63281,41502.75,41502.75,25303206547,4/19/22
41501.74609,42126.30078,40961.09766,41374.37891,41374.37891,27819532341,4/20/22
41371.51563,42893.58203,40063.82813,40527.36328,40527.36328,35372786395,4/21/22
40525.86328,40777.75781,39315.41797,39740.32031,39740.32031,28011716745,4/22/22
39738.72266,39935.85938,39352.20313,39486.73047,39486.73047,16138021249,4/23/22
39478.375,39845.92578,39233.53906,39469.29297,39469.29297,17964398167,4/24/22
39472.60547,40491.75391,38338.37891,40458.30859,40458.30859,35445730570,4/25/22
40448.42188,40713.89063,37884.98438,38117.46094,38117.46094,34569088416,4/26/22
38120.30078,39397.91797,37997.3125,39241.12109,39241.12109,30981015184,4/27/22
39241.42969,40269.46484,38941.42188,39773.82813,39773.82813,33903704907,4/28/22
39768.61719,39887.26953,38235.53516,38609.82422,38609.82422,30882994649,4/29/22
38605.85938,38771.21094,37697.94141,37714.875,37714.875,23895713731,4/30/22
37713.26563,38627.85938,37585.78906,38469.09375,38469.09375,27002760110,5/1/22
38472.1875,39074.97266,38156.5625,38529.32813,38529.32813,32922642426,5/2/22
38528.10938,38629.99609,37585.62109,37750.45313,37750.45313,27326943244,5/3/22
37748.01172,39902.94922,37732.05859,39698.37109,39698.37109,36754404490,5/4/22
39695.74609,39789.28125,35856.51563,36575.14063,36575.14063,43106256317,5/5/22
36573.18359,36624.35938,35482.13281,36040.92188,36040.92188,37795577489,5/6/22
36042.50391,36129.92578,34940.82422,35501.95313,35501.95313,24375896406,5/7/22
35502.94141,35502.94141,33878.96484,34059.26563,34059.26563,36763041910,5/8/22
34060.01563,34222.07422,30296.95313,30296.95313,30296.95313,63355494961,5/9/22
30273.6543,32596.30859,29944.80273,31022.90625,31022.90625,59811038817,5/10/22
31016.18359,32013.40234,28170.41406,28936.35547,28936.35547,70388855818,5/11/22
28936.73438,30032.43945,26350.49023,29047.75195,29047.75195,66989173272,5/12/22
29030.91016,30924.80273,28782.33008,29283.10352,29283.10352,42841124537,5/13/22
29285.64258,30192.80273,28702.91016,30101.26563,30101.26563,28579868620,5/14/22
30098.58594,31308.19141,29527.74023,31305.11328,31305.11328,25835372065,5/15/22
31304.375,31305.3418,29251.88477,29862.91797,29862.91797,32613897286,5/16/22
29862.4082,30694.49023,29570.30273,30425.85742,30425.85742,29101473475,5/17/22
30424.47852,30618.7168,28720.27148,28720.27148,28720.27148,31285268319,5/18/22
28720.35938,30430.75195,28708.95508,30314.33398,30314.33398,33773447707,5/19/22
30311.11914,30664.97656,28793.60547,29200.74023,29200.74023,30749382605,5/20/22
29199.85938,29588.86914,29027.39453,29432.22656,29432.22656,17274840442,5/21/22
29432.47266,30425.86133,29275.18359,30323.72266,30323.72266,21631532270,5/22/22
30309.39648,30590.58594,28975.56055,29098.91016,29098.91016,31483454557,5/23/22
29101.125,29774.35547,28786.58984,29655.58594,29655.58594,26616506245,5/24/22
29653.13477,30157.78516,29384.94922,29562.36133,29562.36133,27525063551,5/25/22
29564.77734,29834.16016,28261.90625,29267.22461,29267.22461,36774325352,5/26/22
29251.14063,29346.94336,28326.61328,28627.57422,28627.57422,36582005748,5/27/22
28622.625,28814.90039,28554.56641,28814.90039,28814.90039,35519577634,5/28/22
29019.86719,29498.00977,28841.10742,29445.95703,29445.95703,18093886409,5/29/22
29443.36523,31949.63086,29303.57227,31726.39063,31726.39063,39277993274,5/30/22
31723.86523,32249.86328,31286.1543,31792.31055,31792.31055,33538210634,5/31/22
31792.55469,31957.28516,29501.58789,29799.08008,29799.08008,41135817341,6/1/22
29794.89063,30604.73438,29652.70508,30467.48828,30467.48828,29083562061,6/2/22
30467.80664,30633.03516,29375.68945,29704.39063,29704.39063,26175547452,6/3/22
29706.13867,29930.56445,29500.00586,29832.91406,29832.91406,16588370958,6/4/22
29835.11719,30117.74414,29574.44922,29906.66211,29906.66211,17264085441,6/5/22
29910.2832,31693.29102,29894.1875,31370.67188,31370.67188,31947336829,6/6/22
31371.74219,31489.68359,29311.68359,31155.47852,31155.47852,40770974039,6/7/22
31151.48047,31253.69141,29944.4043,30214.35547,30214.35547,30242059107,6/8/22
30215.2793,30609.31055,30020.26563,30111.99805,30111.99805,21692004719,6/9/22
30110.33008,30245.80859,28978.14648,29083.80469,29083.80469,29867476527,6/10/22
29084.66602,29401.91602,28236.21289,28360.81055,28360.81055,27246574439,6/11/22
28373.51367,28502.68555,26762.64844,26762.64844,26762.64844,34163220274,6/12/22
26737.57813,26795.58984,22141.25781,22487.38867,22487.38867,68204556440,6/13/22
22487.98633,23018.95117,20950.81836,22206.79297,22206.79297,50913575242,6/14/22
22196.73047,22642.67188,20178.37695,22572.83984,22572.83984,54912007015,6/15/22
22576.30469,22868.92188,20265.22656,20381.65039,20381.65039,31183975654,6/16/22
20385.71875,21243.3125,20326.51953,20471.48242,20471.48242,27132421514,6/17/22
20473.42578,20736.04102,17708.62305,19017.64258,19017.64258,42009436760,6/18/22
19010.90234,20683.82227,18067.15234,20553.27148,20553.27148,35329942625,6/19/22
20553.37109,20913.32227,19689.16992,20599.53711,20599.53711,30818458597,6/20/22
20594.29492,21620.62891,20415.0625,20710.59766,20710.59766,28970212744,6/21/22
20719.41406,20835.75,19848.07813,19987.0293,19987.0293,28574793478,6/22/22
19986.60742,21135.76172,19950.11719,21085.87695,21085.87695,26188097173,6/23/22
21084.64844,21472.91797,20777.51172,21231.65625,21231.65625,24957784918,6/24/22
21233.60938,21520.91406,20964.58594,21502.33789,21502.33789,18372538715,6/25/22
21496.49414,21783.72461,21016.26953,21027.29492,21027.29492,18027170497,6/26/22
21028.23828,21478.08984,20620.19922,20735.47852,20735.47852,20965695707,6/27/22
20731.54492,21164.42383,20228.8125,20280.63477,20280.63477,21381535161,6/28/22
20281.16992,20364.15625,19937.79102,20104.02344,20104.02344,23552740328,6/29/22
20108.3125,20141.16016,18729.65625,19784.72656,19784.72656,26267239923,6/30/22
19820.4707,20632.67188,19073.70898,19269.36719,19269.36719,30767551159,7/1/22
19274.83594,19371.74805,19027.08203,19242.25586,19242.25586,18100418740,7/2/22
19242.0957,19558.26953,18966.95117,19297.07617,19297.07617,16390821947,7/3/22
19297.31445,20258.74805,19063.06641,20231.26172,20231.26172,21594638208,7/4/22
20225.35352,20635.4668,19341.23242,20190.11523,20190.11523,26715546990,7/5/22
20194.61914,20595.5293,19823.51172,20548.24609,20548.24609,24598943708,7/6/22
20547.81445,21771.81641,20296.10352,21637.58789,21637.58789,25814972520,7/7/22
21637.1543,22314.94141,21257.45313,21731.11719,21731.11719,49899834488,7/8/22
21716.82813,21877.13867,21445.95703,21592.20703,21592.20703,29641127858,7/9/22
21591.08008,21591.08008,20727.12305,20860.44922,20860.44922,28688807249,7/10/22
20856.35352,20856.35352,19924.53906,19970.55664,19970.55664,24150249025,7/11/22
19970.47461,20043.44531,19308.53125,19323.91406,19323.91406,25810220018,7/12/22
19325.97266,20223.05273,18999.95313,20212.07422,20212.07422,33042430345,7/13/22
20211.4668,20789.89453,19689.25781,20569.91992,20569.91992,31158743333,7/14/22
20573.15625,21138.24414,20397,20836.32813,20836.32813,25905575359,7/15/22
20834.10352,21514.4043,20518.89844,21190.31641,21190.31641,24302954056,7/16/22
21195.04102,21600.64063,20778.17969,20779.34375,20779.34375,22927802083,7/17/22
20781.91211,22633.0332,20781.91211,22485.68945,22485.68945,39974475562,7/18/22
22467.84961,23666.96289,21683.40625,23389.43359,23389.43359,48765202697,7/19/22
23393.19141,24196.81836,23009.94922,23231.73242,23231.73242,42932549127,7/20/22
23233.20117,23388.32227,22431.14844,23164.62891,23164.62891,33631012204,7/21/22
23163.75195,23671.92773,22603.41602,22714.97852,22714.97852,31421555646,7/22/22
22706.98438,22977.21094,22002.91016,22465.47852,22465.47852,24021799169,7/23/22
22465.50977,22974.00195,22306.83984,22609.16406,22609.16406,23565495303,7/24/22
22607.15625,22649.12109,21361.64258,21361.70117,21361.70117,35574561406,7/25/22
21361.12109,21361.12109,20776.81641,21239.75391,21239.75391,28624673855,7/26/22
21244.16992,22986.5293,21070.80664,22930.54883,22930.54883,31758955233,7/27/22
22933.64063,24110.4707,22722.26563,23843.88672,23843.88672,40212386158,7/28/22
23845.21289,24294.78711,23481.17383,23804.63281,23804.63281,35887249746,7/29/22
23796.81836,24572.58008,23580.50781,23656.20703,23656.20703,28148218301,7/30/22
23652.07031,24121.64258,23275.70313,23336.89648,23336.89648,23553591896,7/31/22
23336.71875,23464.78711,22890.79688,23314.19922,23314.19922,25849159141,8/1/22
23308.43359,23415.04102,22710.08398,22978.11719,22978.11719,28389250717,8/2/22
22981.30273,23578.65039,22747.83594,22846.50781,22846.50781,26288169966,8/3/22
22848.21484,23198.00977,22485.70117,22630.95703,22630.95703,25120229769,8/4/22
22626.83398,23422.82813,22612.17773,23289.31445,23289.31445,28881249043,8/5/22
23291.42383,23326.5625,22961.2793,22961.2793,22961.2793,15978259885,8/6/22
22963.50586,23359.00977,22894.55664,23175.89063,23175.89063,15886817043,8/7/22
23179.52734,24203.68945,23176.54688,23809.48633,23809.48633,28575544847,8/8/22
23811.48438,23898.61523,22982,23164.31836,23164.31836,23555719219,8/9/22
23162.89844,24127.41406,22771.51953,23947.64258,23947.64258,32837431722,8/10/22
23948.3457,24822.62891,23900.99609,23957.5293,23957.5293,37127036580,8/11/22
23957.20313,24412.56641,23657.26563,24402.81836,24402.81836,27265804688,8/12/22
24402.1875,24860.05078,24346.11523,24424.06836,24424.06836,22987346289,8/13/22
24429.05664,24974.91406,24206.25977,24319.33398,24319.33398,22994133555,8/14/22
24318.31641,25135.58984,23839.77539,24136.97266,24136.97266,35123501685,8/15/22
24126.13672,24228.41602,23733.5,23883.29102,23883.29102,27753685646,8/16/22
23881.31641,24407.05859,23243.35352,23335.99805,23335.99805,30931623076,8/17/22
23341.03906,23563.83203,23177.60156,23212.73828,23212.73828,23747613147,8/18/22
23213.3125,23213.3125,20868.84766,20877.55273,20877.55273,40509610260,8/19/22
20872.8418,21350.80664,20856.73047,21166.06055,21166.06055,27595671000,8/20/22
21160.39258,21668.8457,21103.19727,21534.12109,21534.12109,23102307723,8/21/22
21531.46289,21531.46289,20939.18359,21398.9082,21398.9082,31666498758,8/22/22
21401.04492,21646.20313,20955.13867,21528.08789,21528.08789,31878280659,8/23/22
21526.45508,21783.07617,21195.00586,21395.01953,21395.01953,31962253368,8/24/22
21395.45898,21789.63672,21362.44141,21600.9043,21600.9043,31028679593,8/25/22
21596.08594,21804.9082,20199.48242,20260.01953,20260.01953,42326789564,8/26/22
20262.48047,20340.77539,19890.52344,20041.73828,20041.73828,30116729776,8/27/22
20041.03516,20139.05469,19616.81445,19616.81445,19616.81445,24366810591,8/28/22
19615.1543,20357.46289,19600.78516,20297.99414,20297.99414,32637854078,8/29/22
20298.61133,20542.64453,19617.64063,19796.80859,19796.80859,34483360283,8/30/22
19799.58203,20420.99023,19799.58203,20049.76367,20049.76367,33225232872,8/31/22
20050.49805,20198.39063,19653.96875,20127.14063,20127.14063,30182031010,9/1/22
20126.07227,20401.56836,19814.76563,19969.77148,19969.77148,29123998928,9/2/22
19969.71875,20037.00977,19698.35547,19832.08789,19832.08789,23613051457,9/3/22
19832.4707,19999.68945,19636.81641,19986.71289,19986.71289,25245861652,9/4/22
19988.78906,20031.16016,19673.04688,19812.37109,19812.37109,28813460025,9/5/22
19817.72461,20155.26953,18800.17188,18837.66797,18837.66797,43403978910,9/6/22
18837.68359,19427.17188,18644.4668,19290.32422,19290.32422,35239757134,9/7/22
19289.94141,19417.35156,19076.71484,19329.83398,19329.83398,32194477850,9/8/22
19328.14063,21439.41016,19310.96289,21381.15234,21381.15234,48469528171,9/9/22
21376.91211,21760.27539,21168.72266,21680.53906,21680.53906,36913738894,9/10/22
21678.54297,21770.55273,21406.94531,21769.25586,21769.25586,34493951963,9/11/22
21770.14844,22439.18164,21603.89648,22370.44922,22370.44922,50212088965,9/12/22
22371.48047,22673.82031,20062.66992,20296.70703,20296.70703,51091116622,9/13/22
20184.55469,20467.20117,19793.39648,20241.08984,20241.08984,37872380889,9/14/22
20242.28906,20318.16602,19636.73438,19701.21094,19701.21094,36389011503,9/15/22
19704.00586,19870.62891,19400.07617,19772.58398,19772.58398,30123362273,9/16/22
19777.0332,20162.53125,19777.0332,20127.57617,20127.57617,24957448100,9/17/22
20127.23438,20127.23438,19387.49219,19419.50586,19419.50586,31254779144,9/18/22
19418.57227,19639.48047,18390.31836,19544.12891,19544.12891,40177002624,9/19/22
19545.5918,19602.45703,18813.45508,18890.78906,18890.78906,36791346508,9/20/22
18891.2832,19674.63086,18290.31445,18547.40039,18547.40039,46363793975,9/21/22
18534.65039,19456.91016,18415.5918,19413.55078,19413.55078,41135767926,9/22/22
19412.40039,19464.67188,18617.55273,19297.63867,19297.63867,38896078052,9/23/22
19296.99023,19310.19727,18861.97461,18937.01172,18937.01172,26149643168,9/24/22
18936.31055,19134.73242,18696.46875,18802.09766,18802.09766,23359966112,9/25/22
18803.90039,19274.87305,18721.28516,19222.67188,19222.67188,44148798321,9/26/22
19221.83984,20338.45508,18915.66797,19110.54688,19110.54688,58571439619,9/27/22
19104.62109,19688.34375,18553.29688,19426.7207,19426.7207,53071298734,9/28/22
19427.7793,19589.26563,18924.35352,19573.05078,19573.05078,41037843771,9/29/22
19573.43164,20109.84961,19265.66211,19431.78906,19431.78906,43975248085,9/30/22
19431.10547,19471.1543,19231.08203,19312.0957,19312.0957,18719537670,10/1/22
19311.84961,19370.30859,18970.62109,19044.10742,19044.10742,20765955327,10/2/22
19044.06836,19653.54297,19025.22656,19623.58008,19623.58008,30484729489,10/3/22
19623.58398,20380.34375,19523.83984,20336.84375,20336.84375,35887278685,10/4/22
20335.90039,20343.74805,19801.80078,20160.7168,20160.7168,33223790572,10/5/22
20161.03906,20408.39258,19900.08789,19955.44336,19955.44336,34711412966,10/6/22
19957.55859,20041.08594,19395.79297,19546.84961,19546.84961,29227315390,10/7/22
19546.32813,19601.69531,19299.41406,19416.56836,19416.56836,16437423167,10/8/22
19417.47852,19542.53906,19349.25977,19446.42578,19446.42578,16837262532,10/9/22
19446.41602,19515.4668,19102.97852,19141.48438,19141.48438,27425022774,10/10/22
19139,19241.96094,18925.60352,19051.41797,19051.41797,28711532910,10/11/22
19052.64648,19203.19922,19029.75781,19157.44531,19157.44531,24950173846,10/12/22
19156.9668,19453.32813,18319.82227,19382.9043,19382.9043,44219840004,10/13/22
19382.5332,19889.14648,19115.4082,19185.65625,19185.65625,38452356727,10/14/22
19185.4375,19212.54102,19019.25,19067.63477,19067.63477,16192235532,10/15/22
19068.91406,19389.60352,19068.91406,19268.09375,19268.09375,17988916650,10/16/22
19268.5625,19635.80273,19173.33398,19550.75781,19550.75781,27472552998,10/17/22
19550.4668,19666.99414,19144.76953,19334.41602,19334.41602,30580012344,10/18/22
19335.02734,19348.41602,19127.6875,19139.53516,19139.53516,22425387184,10/19/22
19138.08594,19315.19922,18971.45898,19053.74023,19053.74023,24493974420,10/20/22
19053.20313,19237.38477,18770.9707,19172.46875,19172.46875,32459287866,10/21/22
19172.38086,19248.06836,19132.24414,19208.18945,19208.18945,16104440957,10/22/22
19207.73438,19646.65234,19124.19727,19567.00781,19567.00781,22128794335,10/23/22
19567.76953,19589.125,19206.32422,19345.57227,19345.57227,30202235805,10/24/22
19344.96484,20348.41211,19261.44727,20095.85742,20095.85742,47761524910,10/25/22
20092.23633,20938.13477,20076.11719,20770.44141,20770.44141,58895950537,10/26/22
20772.80273,20854.04492,20255.37305,20285.83594,20285.83594,49625110402,10/27/22
20287.95703,20724.98047,20086.06836,20595.35156,20595.35156,43994715910,10/28/22
20595.10352,20988.39453,20566.48438,20818.47656,20818.47656,40369840645,10/29/22
20817.98242,20917.00586,20547.46289,20635.60352,20635.60352,31486345556,10/30/22
20633.69531,20795.32031,20287.45898,20495.77344,20495.77344,45668466815,10/31/22
20494.89844,20647.28906,20359.8457,20485.27344,20485.27344,39819303159,11/1/22
20482.95898,20742.81055,20087.13477,20159.50391,20159.50391,55552169483,11/2/22
20162.68945,20382.0957,20086.24023,20209.98828,20209.98828,43228750179,11/3/22
20208.76953,21209.56055,20188.01953,21147.23047,21147.23047,64072727950,11/4/22
21144.83203,21446.88672,21097.63477,21282.69141,21282.69141,37846047609,11/5/22
21285.05664,21345.37695,20920.19141,20926.48633,20926.48633,35082693210,11/6/22
20924.62109,21053.24609,20489.97266,20602.81641,20602.81641,53510852236,11/7/22
20600.67188,20664.60742,17603.54492,18541.27148,18541.27148,1.18992E+11,11/8/22
18543.76172,18590.45898,15682.69238,15880.78027,15880.78027,1.02905E+11,11/9/22
15883.1582,18054.3125,15834.01856,17586.77148,17586.77148,83202283721,11/10/22
17583.25195,17650.94336,16543.48242,17034.29297,17034.29297,55871616488,11/11/22
17036.875,17066.67578,16651.77539,16799.18555,16799.18555,29717699419,11/12/22
16799.72266,16920.76563,16320.63477,16353.36523,16353.36523,27209183682,11/13/22
16352.02832,17109.32422,15872.94141,16618.19922,16618.19922,49630243054,11/14/22
16617.48438,17051.96289,16542.55078,16884.61328,16884.61328,36599436183,11/15/22
16884.3418,16960.29492,16430.11133,16669.43945,16669.43945,33925512989,11/16/22
16670.42578,16726.43945,16460.68359,16687.51758,16687.51758,27868914022,11/17/22
16687.91211,16947.05859,16564.61133,16697.77734,16697.77734,26862218609,11/18/22
16696.2207,16797.87695,16570.41016,16711.54688,16711.54688,16106223492,11/19/22
16712.91992,16746.7793,16248.69238,16291.83203,16291.83203,21313378652,11/20/22
16291.22363,16291.22363,15599.04688,15787.28418,15787.28418,37429485518,11/21/22
15782.30078,16253.04785,15656.60645,16189.76953,16189.76953,30726828760,11/22/22
16195.58887,16638.19336,16170.50293,16610.70703,16610.70703,32958875628,11/23/22
16611.63672,16771.47461,16501.76758,16604.46484,16604.46484,26129037414,11/24/22
16602.26953,16603.31641,16388.4043,16521.8418,16521.8418,18678255976,11/25/22
16521.57617,16666.86328,16416.22852,16464.28125,16464.28125,18000008764,11/26/22
16463.88281,16594.40625,16437.02539,16444.62695,16444.62695,20443898509,11/27/22
16440.22266,16482.93359,16054.53027,16217.32227,16217.32227,27743025156,11/28/22
16217.63965,16522.25781,16139.39648,16444.98242,16444.98242,23581685468,11/29/22
16445.47656,17190.9375,16445.47656,17168.56641,17168.56641,29523576583,11/30/22
17168.00195,17197.49805,16888.38867,16967.13281,16967.13281,22895392882,12/1/22
16968.68359,17088.66016,16877.88086,17088.66016,17088.66016,19539705127,12/2/22
17090.09766,17116.04102,16888.14063,16908.23633,16908.23633,16217776704,12/3/22
16908.16992,17157.76758,16903.43945,17130.48633,17130.48633,16824520830,12/4/22
17128.89453,17378.15234,16922.43164,16974.82617,16974.82617,22209086834,12/5/22
16975.23828,17091.86328,16939.92188,17089.50391,17089.50391,19889922369,12/6/22
17089.50586,17109.37695,16750.55859,16848.12695,16848.12695,19675404389,12/7/22
16847.34961,17267.91602,16788.7832,17233.47461,17233.47461,20496603770,12/8/22
17232.14844,17280.54688,17100.83594,17133.15234,17133.15234,20328426366,12/9/22
17134.2207,17216.82617,17120.68359,17128.72461,17128.72461,12706781969,12/10/22
17129.71094,17245.63477,17091.82031,17104.19336,17104.19336,14122486832,12/11/22
17102.5,17212.56445,16899.39453,17206.4375,17206.4375,19617581341,12/12/22
17206.44141,17930.08594,17111.76367,17781.31836,17781.31836,26634741631,12/13/22
17782.06641,18318.53125,17739.51367,17815.65039,17815.65039,25534481470,12/14/22
17813.64453,17846.74414,17322.58984,17364.86523,17364.86523,20964448341,12/15/22
17364.54688,17505.52539,16584.70117,16647.48438,16647.48438,24031608960,12/16/22
16646.98242,16800.58984,16614.0293,16795.0918,16795.0918,14463581825,12/17/22
16795.60938,16815.38672,16697.82031,16757.97656,16757.97656,10924354698,12/18/22
16759.04102,16807.52734,16398.13672,16439.67969,16439.67969,17221074814,12/19/22
16441.78711,17012.98438,16427.86719,16906.30469,16906.30469,22722096615,12/20/22
16904.52734,16916.80078,16755.91211,16817.53516,16817.53516,14882945045,12/21/22
16818.38086,16866.67383,16592.4082,16830.3418,16830.3418,16441573050,12/22/22
16829.64453,16905.21875,16794.45898,16796.95313,16796.95313,15329265213,12/23/22
16796.97656,16864.70313,16793.52734,16847.75586,16847.75586,9744636213,12/24/22
16847.50586,16860.55469,16755.25391,16841.98633,16841.98633,11656379938,12/25/22
16842.25,16920.12305,16812.36914,16919.80469,16919.80469,11886957804,12/26/22
16919.29102,16959.8457,16642.07227,16717.17383,16717.17383,15748580239,12/27/22
16716.40039,16768.16992,16497.55664,16552.57227,16552.57227,17005713920,12/28/22
16552.32227,16651.75586,16508.68359,16642.3418,16642.3418,14472237479,12/29/22
16641.33008,16643.42773,16408.47461,16602.58594,16602.58594,15929162910,12/30/22
16603.67383,16628.98633,16517.51953,16547.49609,16547.49609,11239186456,12/31/22
16547.91406,16630.43945,16521.23438,16625.08008,16625.08008,9244361700,1/1/23
16625.50977,16759.34375,16572.22852,16688.4707,16688.4707,12097775227,1/2/23
16688.84766,16760.44727,16622.37109,16679.85742,16679.85742,13903079207,1/3/23
16680.20508,16964.58594,16667.76367,16863.23828,16863.23828,18421743322,1/4/23
16863.47266,16884.02148,16790.2832,16836.73633,16836.73633,13692758566,1/5/23
16836.47266,16991.99414,16716.42188,16951.96875,16951.96875,14413662913,1/6/23
16952.11719,16975.01758,16914.19141,16955.07813,16955.07813,7714767174,1/7/23
16954.14648,17091.14453,16924.05078,17091.14453,17091.14453,9768827914,1/8/23
17093.99219,17389.95703,17093.99219,17196.55469,17196.55469,18624736866,1/9/23
17192.94922,17484.7207,17162.99023,17446.29297,17446.29297,15808338949,1/10/23
17446.35938,17934.89648,17337.99414,17934.89648,17934.89648,18372283782,1/11/23
18117.59375,19030.08789,17995.20313,18869.58789,18869.58789,34971338710,1/12/23
18868.90625,19964.32227,18753.16406,19909.57422,19909.57422,29225029694,1/13/23
19910.53711,21075.14258,19907.82813,20976.29883,20976.29883,38967784639,1/14/23
20977.48438,20993.74805,20606.98633,20880.79883,20880.79883,19298407543,1/15/23
20882.22461,21360.875,20715.74609,21169.63281,21169.63281,26792494050,1/16/23
21175.83398,21438.66016,20978.5332,21161.51953,21161.51953,24999983362,1/17/23
21161.05078,21564.50195,20541.54492,20688.78125,20688.78125,30005625418,1/18/23
20686.74609,21163.01172,20685.38086,21086.79297,21086.79297,21152848261,1/19/23
21085.37305,22692.35742,20919.12695,22676.55273,22676.55273,28799154319,1/20/23
22677.42773,23282.34766,22511.83398,22777.625,22777.625,32442278429,1/21/23
22777.98633,23056.73047,22387.90039,22720.41602,22720.41602,24746386230,1/22/23
22721.08789,23126.48633,22654.30469,22934.43164,22934.43164,26518700512,1/23/23
22929.62695,23134.01172,22549.74414,22636.46875,22636.46875,26405069715,1/24/23
22639.26758,23722.09961,22406.07617,23117.85938,23117.85938,30685366709,1/25/23
23108.95508,23237.07813,22911.37305,23032.77734,23032.77734,26357839322,1/26/23
23030.7168,23417.7207,22654.59375,23078.72852,23078.72852,25383335641,1/27/23
23079.96484,23165.89648,22908.8457,23031.08984,23031.08984,14712928379,1/28/23
23031.44922,23919.89063,22985.07031,23774.56641,23774.56641,27423687259,1/29/23
23774.64844,23789.34766,22657.58203,22840.13867,22840.13867,27205595568,1/30/23
22840.79688,23225.02148,22765.56836,23139.2832,23139.2832,22837828665,1/31/23
23137.83594,23764.53906,22877.75,23723.76953,23723.76953,26683255504,2/1/23
23720.82422,24167.21094,23468.5957,23471.87109,23471.87109,32066936882,2/2/23
23469.41211,23678.10352,23279.95508,23449.32227,23449.32227,27083066007,2/3/23
23446.32031,23556.94922,23291.79492,23331.84766,23331.84766,15639298538,2/4/23
23332.24805,23423.43555,22841.75977,22955.66602,22955.66602,19564262605,2/5/23
22954.02148,23119.2793,22692.02539,22760.10938,22760.10938,23825006542,2/6/23
22757.26758,23310.97461,22756.25781,23264.29102,23264.29102,27187964471,2/7/23
23263.41602,23367.95898,22731.09766,22939.39844,22939.39844,25371367758,2/8/23
22946.56641,22996.4375,21773.97461,21819.03906,21819.03906,32572572185,2/9/23
21819.00586,21941.18555,21539.39258,21651.18359,21651.18359,27078406594,2/10/23
21651.8418,21891.41016,21618.44922,21870.875,21870.875,16356226232,2/11/23
21870.90234,22060.99414,21682.82813,21788.20313,21788.20313,17821046406,2/12/23
21787,21898.41406,21460.08789,21808.10156,21808.10156,23918742607,2/13/23
21801.82227,22293.14063,21632.39453,22220.80469,22220.80469,26792596581,2/14/23
22220.58594,24307.8418,22082.76953,24307.8418,24307.8418,32483312909,2/15/23
24307.34961,25134.11719,23602.52344,23623.47461,23623.47461,39316664596,2/16/23
23621.2832,24924.04102,23460.75586,24565.60156,24565.60156,41358451255,2/17/23
24565.29688,24798.83594,24468.37305,24641.27734,24641.27734,19625427158,2/18/23
24640.02734,25093.05469,24327.64258,24327.64258,24327.64258,25555105670,2/19/23
24336.62305,25020.45898,23927.91016,24829.14844,24829.14844,28987376573,2/20/23
24833.04883,25126.85156,24200.36328,24436.35352,24436.35352,31252098714,2/21/23
24437.41797,24472.33984,23644.31836,24188.84375,24188.84375,30199996781,2/22/23
24190.71875,24572.08984,23693.91992,23947.49219,23947.49219,30476264066,2/23/23
23946.00781,24103.70508,23007.07227,23198.12695,23198.12695,26811744928,2/24/23
23200.125,23210.21094,22861.55859,23175.375,23175.375,16100721565,2/25/23
23174.15039,23654.36719,23084.2207,23561.21289,23561.21289,16644534842,2/26/23
23561.45117,23857.89063,23205.87891,23522.87109,23522.87109,22660763494,2/27/23
23521.83789,23585.38477,23077.65039,23147.35352,23147.35352,20535363434,2/28/23
23150.92969,23880.63281,23088.62695,23646.55078,23646.55078,24662841200,3/1/23
23647.01953,23739.13867,23245.02148,23475.4668,23475.4668,20386398516,3/2/23
23476.63281,23479.34766,22213.23828,22362.67969,22362.67969,26062404610,3/3/23
22362.92383,22405.17773,22198.98047,22353.34961,22353.34961,11166012913,3/4/23
22354.14453,22613.68555,22307.14258,22435.51367,22435.51367,13317001733,3/5/23
22436.81641,22584.29297,22331.31445,22429.75781,22429.75781,17353192895,3/6/23
22428.32227,22527.41797,22011.26172,22219.76953,22219.76953,22765452204,3/7/23
22216.44141,22268.89648,21708.05078,21718.08008,21718.08008,22536575684,3/8/23
21720.08008,21802.7168,20210.30664,20363.02148,20363.02148,30364664171,3/9/23
20367.00195,20370.5957,19628.25391,20187.24414,20187.24414,39578257695,3/10/23
20187.87695,20792.52539,20068.66016,20632.41016,20632.41016,30180288176,3/11/23
20628.0293,22185.03125,20448.80664,22163.94922,22163.94922,29279035521,3/12/23
22156.40625,24550.83789,21918.19922,24197.5332,24197.5332,49466362688,3/13/23
24201.76563,26514.7168,24081.18359,24746.07422,24746.07422,54622230164,3/14/23
24770.92578,25240.61523,23964.91016,24375.96094,24375.96094,43655701450,3/15/23
24373.45703,25190.32617,24225.11133,25052.78906,25052.78906,33866061747,3/16/23
25055.12305,27787.8125,24955.16992,27423.92969,27423.92969,50730261335,3/17/23
27448.11719,27725.95313,26636.26172,26965.87891,26965.87891,35723036817,3/18/23
26969.50391,28440.56055,26907.7168,28038.67578,28038.67578,37769448859,3/19/23
28041.60156,28527.72461,27242.88086,27767.23633,27767.23633,44774027664,3/20/23
27768.39258,28439.5625,27439.64648,28175.81641,28175.81641,36102192830,3/21/23
28158.7207,28803.33594,26759.99609,27307.4375,27307.4375,33382021890,3/22/23
27301.95703,28729.84375,27183.36328,28333.97266,28333.97266,24220433689,3/23/23
28324.11133,28388.4375,27039.26563,27493.28516,27493.28516,25980310960,3/24/23
27487.33789,27791.82617,27196.23438,27494.70703,27494.70703,13383005987,3/25/23
27495.52344,28178.14453,27445.04688,27994.33008,27994.33008,13878363192,3/26/23
27994.06836,28037.92578,26606.68945,27139.88867,27139.88867,18188895178,3/27/23
27132.88867,27460.71875,26677.81836,27268.13086,27268.13086,17783600385,3/28/23
27267.03125,28619.54297,27259.66211,28348.44141,28348.44141,20684945906,3/29/23
28350.14063,29159.90234,27720.16016,28033.5625,28033.5625,22435349951,3/30/23
28032.26172,28639.89648,27583.71484,28478.48438,28478.48438,19001327598,3/31/23
28473.33203,28802.45703,28297.17188,28411.03516,28411.03516,10876469901,4/1/23
28462.8457,28518.95898,27884.08789,28199.30859,28199.30859,12284641999,4/2/23
28183.08008,28475.62305,27276.7207,27790.2207,27790.2207,19556501327,4/3/23
27795.27344,28433.74219,27681.30469,28168.08984,28168.08984,15284538859,4/4/23
28169.72656,28739.23828,27843.76367,28177.98438,28177.98438,17052315986,4/5/23
28175.22656,28178.38477,27738.75977,28044.14063,28044.14063,13837809380,4/6/23
28038.9668,28111.59375,27794.03125,27925.85938,27925.85938,10861680497,4/7/23
27920.51367,28159.86328,27883.38672,27947.79492,27947.79492,9373255556,4/8/23
27952.36719,28532.83008,27828.48047,28333.05078,28333.05078,12175322951,4/9/23
28336.02734,29771.46484,28189.27148,29652.98047,29652.98047,19282400094,4/10/23
29653.67969,30509.08398,29609.30078,30235.05859,30235.05859,20121259843,4/11/23
30231.58203,30462.48047,29725.57422,30139.05273,30139.05273,18651929926,4/12/23
29892.74023,30539.8457,29878.62305,30399.06641,30399.06641,17487721001,4/13/23
30409.5625,31005.60742,30044.49805,30485.69922,30485.69922,22659995079,4/14/23
30490.75,30601.74023,30245.88281,30318.49609,30318.49609,11940685378,4/15/23
30315.97656,30555.53711,30157.83203,30315.35547,30315.35547,12854816417,4/16/23
30317.14648,30319.19727,29275.37109,29445.04492,29445.04492,17872186762,4/17/23
29449.0918,30470.30273,29154.84961,30397.55273,30397.55273,19480529496,4/18/23
30394.1875,30411.05469,28669.89844,28822.67969,28822.67969,24571565421,4/19/23
28823.68359,29076.40039,28037.25781,28245.98828,28245.98828,21340360360,4/20/23
28249.23047,28349.96875,27177.36523,27276.91016,27276.91016,20759504330,4/21/23
27265.89453,27872.14258,27169.57031,27817.5,27817.5,13125734602,4/22/23
27816.14453,27820.24414,27400.31445,27591.38477,27591.38477,12785446832,4/23/23
27591.73047,27979.98242,27070.84961,27525.33984,27525.33984,17703288330,4/24/23
27514.87305,28371.07813,27207.93164,28307.59766,28307.59766,17733373139,4/25/23
28300.05859,29995.83789,27324.54883,28422.70117,28422.70117,31854242019,4/26/23
28428.46484,29871.54688,28402.88672,29473.78711,29473.78711,27153445027,4/27/23
29481.01367,29572.79102,28929.60938,29340.26172,29340.26172,17544464887,4/28/23
29336.56641,29452.45508,29088.04297,29248.48828,29248.48828,10662634333,4/29/23
29245.51563,29952.0293,29114.02148,29268.80664,29268.80664,14652199272,4/30/23
29227.10352,29329.93555,27680.79297,28091.56836,28091.56836,18655599976,5/1/23
28087.17578,28881.29883,27924.12305,28680.53711,28680.53711,16432924527,5/2/23
28680.49414,29259.5332,28178.38867,29006.30859,29006.30859,19122972518,5/3/23
29031.30469,29353.18555,28694.03906,28847.71094,28847.71094,15548678514,5/4/23
28851.48047,29668.9082,28845.50977,29534.38477,29534.38477,17936566518,5/5/23
29538.85938,29820.12695,28468.9668,28904.62305,28904.62305,15913866714,5/6/23
28901.62305,29157.51758,28441.36719,28454.97852,28454.97852,11301355486,5/7/23
28450.45703,28663.27148,27310.13477,27694.27344,27694.27344,19122903752,5/8/23
27695.06836,27821.40039,27375.60156,27658.77539,27658.77539,14128593256,5/9/23
27654.63672,28322.6875,26883.66992,27621.75586,27621.75586,20656025026,5/10/23
27621.08594,27621.94141,26781.82617,27000.78906,27000.78906,16724343943,5/11/23
26987.66211,27055.64648,25878.42969,26804.99023,26804.99023,19313599897,5/12/23
26807.76953,27030.48242,26710.87305,26784.07813,26784.07813,9999171605,5/13/23
26788.97461,27150.97656,26661.35547,26930.63867,26930.63867,10014858959,5/14/23
26931.38477,27646.34766,26766.09766,27192.69336,27192.69336,14413231792,5/15/23
27171.51367,27299.30469,26878.94727,27036.65039,27036.65039,12732238816,5/16/23
27035.4707,27465.92773,26600.14453,27398.80273,27398.80273,15140006925,5/17/23
27401.65039,27466.52734,26415.10156,26832.20898,26832.20898,15222938600,5/18/23
26826.75391,27128.61914,26700.21094,26890.12891,26890.12891,11258983301,5/19/23
26888.8418,27155.1582,26843.27734,27129.58594,27129.58594,7044911360,5/20/23
27118.42383,27265.91797,26706.92188,26753.82617,26753.82617,8647416921,5/21/23
26749.89258,27045.73438,26549.73438,26851.27734,26851.27734,11056770492,5/22/23
26855.96094,27434.68359,26816.17969,27225.72656,27225.72656,13697203143,5/23/23
27224.60352,27224.60352,26106.57617,26334.81836,26334.81836,16299104428,5/24/23
26329.46094,26591.51953,25890.59375,26476.20703,26476.20703,13851122697,5/25/23
26474.18164,26916.66992,26343.94922,26719.29102,26719.29102,12711619225,5/26/23
26720.18164,26888.88281,26621.14063,26868.35352,26868.35352,7892015141,5/27/23
26871.1582,28193.44922,26802.75195,28085.64648,28085.64648,14545229578,5/28/23
28075.5918,28432.03906,27563.87695,27745.88477,27745.88477,15181308984,5/29/23
27745.12305,28044.75977,27588.50195,27702.34961,27702.34961,13251081851,5/30/23
27700.5293,27831.67773,26866.45313,27219.6582,27219.6582,15656371534,5/31/23
27218.41211,27346.10547,26671.7207,26819.97266,26819.97266,14678970415,6/1/23
26824.55664,27303.86133,26574.64453,27249.58984,27249.58984,14837415000,6/2/23
27252.32422,27317.05273,26958.00391,27075.12891,27075.12891,8385597470,6/3/23
27075.12305,27407.01953,26968.22461,27119.06641,27119.06641,9360912318,6/4/23
27123.10938,27129.98242,25445.16797,25760.09766,25760.09766,21513292646,6/5/23
25732.10938,27313.82031,25434.86719,27238.7832,27238.7832,21929670693,6/6/23
27235.65039,27332.18164,26146.98828,26345.99805,26345.99805,19530045082,6/7/23
26347.6543,26797.51367,26246.66406,26508.2168,26508.2168,11904824295,6/8/23
26505.92383,26770.28906,26339.31445,26480.375,26480.375,11015551640,6/9/23
26481.76172,26531.04492,25501.83594,25851.24023,25851.24023,19872933189,6/10/23
25854.03125,26203.43945,25668.98633,25940.16797,25940.16797,10732609603,6/11/23
25934.28516,26087.91992,25675.19727,25902.5,25902.5,11677889997,6/12/23
25902.94141,26376.35156,25728.36523,25918.72852,25918.72852,14143474486,6/13/23
25920.25781,26041.80078,24902.15234,25124.67578,25124.67578,14265717766,6/14/23
25121.67383,25735.30859,24797.16797,25576.39453,25576.39453,15837384409,6/15/23
25575.2832,26463.17383,25245.35742,26327.46289,26327.46289,16324646965,6/16/23
26328.67969,26769.39453,26174.49219,26510.67578,26510.67578,11090276850,6/17/23
26510.45703,26675.92578,26325.89063,26336.21289,26336.21289,9565695129,6/18/23
26335.44141,26984.61133,26312.83203,26851.0293,26851.0293,12826986222,6/19/23
26841.66406,28388.96875,26668.79102,28327.48828,28327.48828,22211859147,6/20/23
28311.31055,30737.33008,28283.41016,30027.29688,30027.29688,33346760979,6/21/23
29995.93555,30495.99805,29679.1582,29912.28125,29912.28125,20653160491,6/22/23
29896.38281,31389.53906,29845.21484,30695.46875,30695.46875,24115570085,6/23/23
30708.73828,30804.14844,30290.14648,30548.69531,30548.69531,12147822496,6/24/23
30545.15039,31041.27148,30327.94336,30480.26172,30480.26172,12703464114,6/25/23
30480.52344,30636.0293,29955.74414,30271.13086,30271.13086,16493186997,6/26/23
30274.32031,31006.78711,30236.65039,30688.16406,30688.16406,16428827944,6/27/23
30696.56055,30703.2793,29921.82227,30086.24609,30086.24609,14571500779,6/28/23
30086.1875,30796.25,30057.20313,30445.35156,30445.35156,13180860821,6/29/23
30441.35352,31256.86328,29600.27539,30477.25195,30477.25195,26387306197,6/30/23
30471.84766,30641.28906,30328.86523,30590.07813,30590.07813,9086606733,7/1/23
30587.26953,30766.14063,30264.01953,30620.76953,30620.76953,10533418042,7/2/23
30624.51563,31375.61328,30586.51367,31156.43945,31156.43945,15271884873,7/3/23
31156.86523,31325.19727,30659.35547,30777.58203,30777.58203,12810828427,7/4/23
30778.72461,30877.33008,30225.61328,30514.16602,30514.16602,12481622280,7/5/23
30507.15039,31460.05273,29892.22656,29909.33789,29909.33789,21129219509,7/6/23
29907.99805,30434.64453,29777.28516,30342.26563,30342.26563,13384770155,7/7/23
30346.92188,30374.4375,30080.16016,30292.54102,30292.54102,7509378699,7/8/23
30291.61133,30427.58984,30085.5918,30171.23438,30171.23438,7903327692,7/9/23
30172.42383,31026.08398,29985.39453,30414.4707,30414.4707,14828209155,7/10/23
30417.63281,30788.31445,30358.09766,30620.95117,30620.95117,12151839152,7/11/23
30622.24609,30959.96484,30228.83594,30391.64648,30391.64648,14805659717,7/12/23
30387.48828,31814.51563,30268.35156,31476.04883,31476.04883,23686079548,7/13/23
31474.7207,31582.25391,29966.38672,30334.06836,30334.06836,20917902660,7/14/23
30331.7832,30407.78125,30263.46289,30295.80664,30295.80664,8011667756,7/15/23
30297.47266,30437.56055,30089.66992,30249.13281,30249.13281,8516564470,7/16/23
30249.62695,30336.40039,29685.7832,30145.88867,30145.88867,13240156074,7/17/23
30147.07031,30233.65625,29556.42773,29856.5625,29856.5625,13138897269,7/18/23
29862.04688,30184.18164,29794.26953,29913.92383,29913.92383,12128602812,7/19/23
29915.25,30195.53125,29638.0957,29792.01563,29792.01563,14655207121,7/20/23
29805.11133,30045.99805,29733.85156,29908.74414,29908.74414,10972789818,7/21/23
29908.69727,29991.61523,29664.12109,29771.80273,29771.80273,7873300598,7/22/23
29790.11133,30330.64063,29741.52734,30084.53906,30084.53906,9220145050,7/23/23
30081.66211,30093.39453,28934.29492,29176.91602,29176.91602,15395817395,7/24/23
29178.9707,29353.16016,29062.43359,29227.39063,29227.39063,10266772793,7/25/23
29225.75977,29675.55273,29113.91211,29354.97266,29354.97266,13497554655,7/26/23
29353.79883,29560.9668,29099.35156,29210.68945,29210.68945,10770779217,7/27/23
29212.16406,29521.51367,29125.8457,29319.24609,29319.24609,11218474952,7/28/23
29319.44531,29396.84375,29264.16602,29356.91797,29356.91797,6481775959,7/29/23
29357.09375,29443.16992,29059.50195,29275.30859,29275.30859,8678454527,7/30/23
29278.31445,29489.87305,29131.57813,29230.11133,29230.11133,11656781982,7/31/23
29230.87305,29675.73242,28657.02344,29675.73242,29675.73242,18272392391,8/1/23
29704.14648,29987.99805,28946.50977,29151.95898,29151.95898,19212655598,8/2/23
29161.8125,29375.70703,28959.48828,29178.67969,29178.67969,12780357746,8/3/23
29174.38281,29302.07813,28885.33594,29074.0918,29074.0918,12036639988,8/4/23
29075.38867,29102.46484,28957.79688,29042.12695,29042.12695,6598366353,8/5/23
29043.70117,29160.82227,28963.83398,29041.85547,29041.85547,7269806994,8/6/23
29038.51367,29244.28125,28724.14063,29180.57813,29180.57813,13618163710,8/7/23
29180.01953,30176.79688,29113.81445,29765.49219,29765.49219,17570561357,8/8/23
29766.69531,30093.43555,29376.80078,29561.49414,29561.49414,18379521213,8/9/23
29563.97266,29688.56445,29354.44727,29429.5918,29429.5918,11865344789,8/10/23
29424.90234,29517.77344,29253.51758,29397.71484,29397.71484,10195168197,8/11/23
29399.78711,29465.11328,29357.58789,29415.96484,29415.96484,6194358008,8/12/23
29416.59375,29441.43359,29265.80664,29282.91406,29282.91406,7329897180,8/13/23
29283.26367,29660.25391,29124.10547,29408.44336,29408.44336,14013695304,8/14/23
29408.04883,29439.12109,29088.85352,29170.34766,29170.34766,12640195779,8/15/23
29169.07422,29221.97656,28701.7793,28701.7793,28701.7793,14949271904,8/16/23
28699.80273,28745.94727,25409.11133,26664.55078,26664.55078,31120851211,8/17/23
26636.07813,26808.19531,25668.92188,26049.55664,26049.55664,24026236529,8/18/23
26047.83203,26249.44922,25802.4082,26096.20508,26096.20508,10631443812,8/19/23
26096.86133,26260.68164,26004.31445,26189.58398,26189.58398,9036580420,8/20/23
26188.69141,26220.20117,25846.08789,26124.14063,26124.14063,13371557893,8/21/23
26130.74805,26135.50781,25520.72852,26031.65625,26031.65625,14503820706,8/22/23
26040.47461,26786.89844,25804.99805,26431.64063,26431.64063,16985265785,8/23/23
26431.51953,26554.91016,25914.92578,26162.37305,26162.37305,12871532023,8/24/23
26163.67969,26248.10352,25786.8125,26047.66797,26047.66797,12406045118,8/25/23
26047.23438,26107.38477,25983.87891,26008.46289,26008.46289,6034817316,8/26/23
26008.24219,26165.37305,25965.09766,26089.69336,26089.69336,6913768611,8/27/23
26089.61523,26198.57813,25880.59961,26106.15039,26106.15039,11002805166,8/28/23
26102.48633,28089.33789,25912.62891,27727.39258,27727.39258,29368391712,8/29/23
27726.08398,27760.16016,27069.20703,27297.26563,27297.26563,16343655235,8/30/23
27301.92969,27456.07813,25752.92969,25931.47266,25931.47266,20181001451,8/31/23
25934.02148,26125.86914,25362.60938,25800.72461,25800.72461,17202862221,9/1/23
25800.91016,25970.28516,25753.09375,25868.79883,25868.79883,10100387473,9/2/23
25869.47266,26087.14844,25817.03125,25969.56641,25969.56641,8962524523,9/3/23
25968.16992,26081.52539,25657.02539,25812.41602,25812.41602,10680635106,9/4/23
25814.95703,25858.375,25589.98828,25779.98242,25779.98242,11094740040,9/5/23
25783.93164,25953.01563,25404.35938,25753.23633,25753.23633,12752705327,9/6/23
25748.3125,26409.30273,25608.20117,26240.19531,26240.19531,11088307100,9/7/23
26245.20898,26414.00586,25677.48047,25905.6543,25905.6543,10817356400,9/8/23
25905.42578,25921.97656,25810.49414,25895.67773,25895.67773,5481314132,9/9/23
25895.21094,25978.13086,25640.26172,25832.22656,25832.22656,7899553047,9/10/23
25831.71484,25883.94727,24930.29688,25162.6543,25162.6543,14600006467,9/11/23
25160.6582,26451.93945,25133.07813,25833.34375,25833.34375,18657279324,9/12/23
25837.55469,26376.11328,25781.12305,26228.32422,26228.32422,13072077070,9/13/23
26228.27734,26774.62305,26171.45117,26539.67383,26539.67383,13811359124,9/14/23
26533.81836,26840.49805,26240.70117,26608.69336,26608.69336,11479735788,9/15/23
26606.19922,26754.76953,26473.89063,26568.28125,26568.28125,7402031417,9/16/23
26567.92773,26617.99805,26445.07422,26534.1875,26534.1875,6774210670,9/17/23
26532.99414,27414.73438,26415.51563,26754.28125,26754.28125,15615339655,9/18/23
26760.85156,27488.76367,26681.60547,27211.11719,27211.11719,13807690550,9/19/23
27210.22852,27379.50586,26864.08203,27132.00781,27132.00781,13281116604,9/20/23
27129.83984,27152.93945,26389.30078,26567.63281,26567.63281,13371443708,9/21/23
26564.05664,26726.07813,26495.5332,26579.56836,26579.56836,10578746709,9/22/23
26578.55664,26634.18555,26520.51953,26579.39063,26579.39063,7404700301,9/23/23
26579.37305,26716.05859,26221.05078,26256.82617,26256.82617,8192867686,9/24/23
26253.77539,26421.50781,26011.46875,26298.48047,26298.48047,11997833257,9/25/23
26294.75781,26389.88477,26090.71289,26217.25,26217.25,9985498161,9/26/23
26209.49805,26817.8418,26111.46484,26352.7168,26352.7168,11718380997,9/27/23
26355.8125,27259.5,26327.32227,27021.54688,27021.54688,14079002707,9/28/23
27024.8418,27225.9375,26721.76367,26911.7207,26911.7207,10396435377,9/29/23
26911.68945,27091.79492,26888.96875,26967.91602,26967.91602,5331172801,9/30/23
26967.39648,28047.23828,26965.09375,27983.75,27983.75,9503917434,10/1/23
27976.79883,28494.45898,27347.78711,27530.78516,27530.78516,19793041322,10/2/23
27508.25195,27667.19141,27216.00195,27429.97852,27429.97852,11407814187,10/3/23
27429.07422,27826.6582,27248.10547,27799.39453,27799.39453,11143355314,10/4/23
27798.64648,28091.86133,27375.60156,27415.91211,27415.91211,11877253670,10/5/23
27412.12305,28252.53711,27215.55273,27946.59766,27946.59766,13492391599,10/6/23
27946.78125,28028.0918,27870.42383,27968.83984,27968.83984,6553044316,10/7/23
27971.67773,28102.16992,27740.66211,27935.08984,27935.08984,7916875290,10/8/23
27934.47266,27989.4707,27302.5625,27583.67773,27583.67773,12007668568,10/9/23
27589.20117,27715.84766,27301.6543,27391.01953,27391.01953,9973350678,10/10/23
27392.07617,27474.11523,26561.09961,26873.32031,26873.32031,13648094333,10/11/23
26873.29297,26921.43945,26558.32031,26756.79883,26756.79883,9392909295,10/12/23
26752.87891,27092.69727,26686.32227,26862.375,26862.375,15165312851,10/13/23
26866.20313,26969,26814.58594,26861.70703,26861.70703,5388116782,10/14/23
26858.01172,27289.16992,26817.89453,27159.65234,27159.65234,7098201980,10/15/23
27162.62891,29448.13867,27130.47266,28519.4668,28519.4668,27833876539,10/16/23
28522.09766,28618.75195,28110.18555,28415.74805,28415.74805,14872527508,10/17/23
28413.53125,28889.00977,28174.25195,28328.3418,28328.3418,12724128586,10/18/23
28332.41602,28892.47461,28177.98828,28719.80664,28719.80664,14448058195,10/19/23
28732.8125,30104.08594,28601.66992,29682.94922,29682.94922,21536125230,10/20/23
29683.38086,30287.48242,29481.75195,29918.41211,29918.41211,11541146996,10/21/23
29918.6543,30199.43359,29720.3125,29993.89648,29993.89648,10446520040,10/22/23
30140.68555,34370.4375,30097.82813,33086.23438,33086.23438,38363572311,10/23/23
33077.30469,35150.43359,32880.76172,33901.52734,33901.52734,44934999645,10/24/23
33916.04297,35133.75781,33709.10938,34502.82031,34502.82031,25254318008,10/25/23
34504.28906,34832.91016,33762.32422,34156.64844,34156.64844,19427195376,10/26/23
34156.5,34238.21094,33416.88672,33909.80078,33909.80078,16418032871,10/27/23
33907.72266,34399.39063,33874.80469,34089.57422,34089.57422,10160330825,10/28/23
34089.37109,34743.26172,33947.56641,34538.48047,34538.48047,11160323986,10/29/23
34531.74219,34843.93359,34110.97266,34502.36328,34502.36328,17184860315,10/30/23
34500.07813,34719.25391,34083.30859,34667.78125,34667.78125,15758270810,10/31/23
34657.27344,35527.92969,34170.69141,35437.25391,35437.25391,22446272005,11/1/23
35441.57813,35919.84375,34401.57422,34938.24219,34938.24219,20998158544,11/2/23
34942.47266,34942.47266,34133.44141,34732.32422,34732.32422,17158456701,11/3/23
34736.32422,35256.03125,34616.69141,35082.19531,35082.19531,9561294264,11/4/23
35090.01172,35340.33984,34594.24219,35049.35547,35049.35547,12412743996,11/5/23
35044.78906,35286.02734,34765.36328,35037.37109,35037.37109,12693436420,11/6/23
35047.79297,35892.41797,34545.81641,35443.5625,35443.5625,18834737789,11/7/23
35419.47656,35994.41797,35147.80078,35655.27734,35655.27734,17295394918,11/8/23
35633.63281,37926.25781,35592.10156,36693.125,36693.125,37762672382,11/9/23
36702.25,37493.80078,36362.75391,37313.96875,37313.96875,22711265155,11/10/23
37310.07031,37407.09375,36773.66797,37138.05078,37138.05078,13924272142,11/11/23
37133.99219,37227.69141,36779.11719,37054.51953,37054.51953,11545715999,11/12/23
37070.30469,37405.11719,36399.60547,36502.35547,36502.35547,19057712790,11/13/23
36491.78906,36753.35156,34948.5,35537.64063,35537.64063,23857403554,11/14/23
35548.11328,37964.89453,35383.78125,37880.58203,37880.58203,27365821679,11/15/23
37879.98047,37934.625,35545.47266,36154.76953,36154.76953,26007385366,11/16/23
36164.82422,36704.48438,35901.23438,36596.68359,36596.68359,22445028430,11/17/23
36625.37109,36839.28125,36233.3125,36585.70313,36585.70313,11886022717,11/18/23
36585.76563,37509.35547,36414.59766,37386.54688,37386.54688,12915986553,11/19/23
37374.07422,37756.82031,36882.53125,37476.95703,37476.95703,20888209068,11/20/23
37469.16016,37631.14063,35813.8125,35813.8125,35813.8125,25172163756,11/21/23
35756.55469,37856.98047,35670.97266,37432.33984,37432.33984,24397247860,11/22/23
37420.43359,37643.91797,36923.86328,37289.62109,37289.62109,14214948217,11/23/23
37296.31641,38415.33984,37261.60547,37720.28125,37720.28125,22922957823,11/24/23
37721.41406,37892.42969,37617.41797,37796.79297,37796.79297,9099571165,11/25/23
37796.82813,37820.30078,37162.75,37479.12109,37479.12109,13744796068,11/26/23
37454.19141,37559.35547,36750.12891,37254.16797,37254.16797,19002925720,11/27/23
37247.99219,38368.48047,36891.08984,37831.08594,37831.08594,21696137014,11/28/23
37826.10547,38366.11328,37612.63281,37858.49219,37858.49219,20728546658,11/29/23
37861.11719,38141.75391,37531.14063,37712.74609,37712.74609,18115982627,11/30/23
37718.00781,38954.10938,37629.35938,38688.75,38688.75,23512784002,12/1/23
38689.27734,39678.9375,38652.59375,39476.33203,39476.33203,15534035612,12/2/23
39472.20703,40135.60547,39298.16406,39978.39063,39978.39063,15769696322,12/3/23
39978.62891,42371.75,39978.62891,41980.09766,41980.09766,39856129827,12/4/23
41986.26563,44408.66406,41421.14844,44080.64844,44080.64844,36312154535,12/5/23
44080.02344,44265.76953,43478.08203,43746.44531,43746.44531,29909761586,12/6/23
43769.13281,44042.58984,42880.64844,43292.66406,43292.66406,27635760671,12/7/23
43293.13672,44705.51563,43125.29688,44166.60156,44166.60156,24421116687,12/8/23
44180.01953,44361.25781,43627.59766,43725.98438,43725.98438,17368210171,12/9/23
43728.38281,44034.625,43593.28516,43779.69922,43779.69922,13000481418,12/10/23
43792.01953,43808.375,40234.57813,41243.83203,41243.83203,40632672038,12/11/23
41238.73438,42048.30469,40667.5625,41450.22266,41450.22266,24779520132,12/12/23
41468.46484,43429.78125,40676.86719,42890.74219,42890.74219,26797884674,12/13/23
42884.26172,43390.85938,41767.08984,43023.97266,43023.97266,25578530178,12/14/23
43028.25,43087.82422,41692.96875,41929.75781,41929.75781,19639442462,12/15/23
41937.74219,42664.94531,41723.11328,42240.11719,42240.11719,14386729590,12/16/23
42236.10938,42359.49609,41274.54297,41364.66406,41364.66406,16678702876,12/17/23
41348.20313,42720.29688,40530.25781,42623.53906,42623.53906,25224642008,12/18/23
42641.51172,43354.29688,41826.33594,42270.52734,42270.52734,23171001281,12/19/23
42261.30078,44275.58594,42223.81641,43652.25,43652.25,27868908174,12/20/23
43648.125,44240.66797,43330.05078,43869.15234,43869.15234,22452766169,12/21/23
43868.98828,44367.95703,43441.96875,43997.90234,43997.90234,21028503216,12/22/23
44012.19922,44015.69922,43351.35547,43739.54297,43739.54297,13507796558,12/23/23
43728.36719,43945.52344,42786.91797,43016.11719,43016.11719,18830554085,12/24/23
43010.57422,43765.09375,42765.76953,43613.14063,43613.14063,21115795370,12/25/23
43599.84766,43603.17578,41676.48828,42520.40234,42520.40234,30026850982,12/26/23
42518.46875,43683.16016,42167.58203,43442.85547,43442.85547,25260941032,12/27/23
43468.19922,43804.78125,42318.55078,42627.85547,42627.85547,22992093014,12/28/23
42614.64453,43124.32422,41424.0625,42099.40234,42099.40234,26000021055,12/29/23
42091.75391,42584.125,41556.22656,42156.90234,42156.90234,16013925945,12/30/23
42152.09766,42860.9375,41998.25391,42265.1875,42265.1875,16397498810,12/31/23
42280.23438,44175.4375,42214.97656,44167.33203,44167.33203,18426978443,1/1/24
44187.14063,45899.70703,44176.94922,44957.96875,44957.96875,39335274536,1/2/24
44961.60156,45503.24219,40813.53516,42848.17578,42848.17578,46342323118,1/3/24
42855.81641,44770.02344,42675.17578,44179.92188,44179.92188,30448091210,1/4/24
44192.98047,44353.28516,42784.71875,44162.69141,44162.69141,32336029347,1/5/24
44178.95313,44227.63281,43475.15625,43989.19531,43989.19531,16092503468,1/6/24
43998.46484,44495.57031,43662.23047,43943.09766,43943.09766,19330573863,1/7/24
43948.70703,47218,43244.08203,46970.50391,46970.50391,42746192015,1/8/24
46987.64063,47893.69922,45244.71484,46139.73047,46139.73047,39821290992,1/9/24
46121.53906,47647.22266,44483.15234,46627.77734,46627.77734,50114613298,1/10/24
46656.07422,48969.37109,45678.64453,46368.58594,46368.58594,45833734549,1/11/24
46354.79297,46498.13672,41903.76953,42853.16797,42853.16797,43332698900,1/12/24
42799.44531,43234.66016,42464.14453,42842.38281,42842.38281,20601860469,1/13/24
42842.26172,43065.59766,41724.61328,41796.26953,41796.26953,17521429522,1/14/24
41715.06641,43319.72266,41705.41797,42511.96875,42511.96875,22320220558,1/15/24
42499.33594,43566.27344,42085.99609,43154.94531,43154.94531,24062872740,1/16/24
43132.10156,43189.89063,42189.30859,42742.65234,42742.65234,20851232595,1/17/24
42742.3125,42876.34766,40631.17188,41262.05859,41262.05859,25218357242,1/18/24
41278.46094,42134.16016,40297.45703,41618.40625,41618.40625,25752407154,1/19/24
41624.58984,41877.89453,41446.82422,41665.58594,41665.58594,11586690904,1/20/24
41671.48828,41855.36719,41497.00781,41545.78516,41545.78516,9344043642,1/21/24
41553.65234,41651.20703,39450.11719,39507.36719,39507.36719,31338708143,1/22/24
39518.71484,40127.35156,38521.89453,39845.55078,39845.55078,29244553045,1/23/24
39877.59375,40483.78516,39508.79688,40077.07422,40077.07422,22359526178,1/24/24
40075.55078,40254.48047,39545.66406,39933.80859,39933.80859,18491782013,1/25/24
39936.81641,42209.38672,39825.69141,41816.87109,41816.87109,25598119893,1/26/24
41815.625,42195.63281,41431.28125,42120.05469,42120.05469,11422941934,1/27/24
42126.125,42797.17578,41696.91016,42035.59375,42035.59375,16858971687,1/28/24
42030.91406,43305.86719,41818.33203,43288.24609,43288.24609,20668476578,1/29/24
43300.22656,43838.94531,42711.37109,42952.60938,42952.60938,23842814518,1/30/24
42946.25,43717.40625,42298.94531,42582.60547,42582.60547,24673628793,1/31/24
42569.76172,43243.16797,41879.19141,43075.77344,43075.77344,21423953779,2/1/24
43077.64063,43422.48828,42584.33594,43185.85938,43185.85938,18603843039,2/2/24
43184.96484,43359.94141,42890.80859,42992.25,42992.25,11169245236,2/3/24
42994.94141,43097.64453,42374.83203,42583.58203,42583.58203,14802225490,2/4/24
42577.62109,43494.25,42264.81641,42658.66797,42658.66797,18715487317,2/5/24
42657.39063,43344.14844,42529.01953,43084.67188,43084.67188,16798476726,2/6/24
43090.01953,44341.94922,42775.95703,44318.22266,44318.22266,21126587775,2/7/24
44332.125,45575.83984,44332.125,45301.56641,45301.56641,26154524080,2/8/24
45297.38281,48152.49609,45260.82422,47147.19922,47147.19922,39316770844,2/9/24
47153.52734,48146.17188,46905.32031,47771.27734,47771.27734,16398681570,2/10/24
47768.96875,48535.9375,47617.40625,48293.91797,48293.91797,19315867136,2/11/24
48296.38672,50280.47656,47745.76172,49958.22266,49958.22266,34511985805,2/12/24
49941.35938,50358.39063,48406.49609,49742.44141,49742.44141,35593051468,2/13/24
49733.44531,52021.37109,49296.83203,51826.69531,51826.69531,39105608050,2/14/24
51836.78516,52820.06641,51371.62891,51938.55469,51938.55469,38564360533,2/15/24
51937.72656,52537.96875,51641.36719,52160.20313,52160.20313,28180567298,2/16/24
52161.67578,52191.91406,50669.66797,51662.99609,51662.99609,20009091006,2/17/24
51661.96875,52356.96484,51233.70703,52122.54688,52122.54688,17595377311,2/18/24
52134.8125,52483.32422,51711.82031,51779.14453,51779.14453,21362184346,2/19/24
51777.72656,52945.05078,50792.3125,52284.875,52284.875,33353758256,2/20/24
52273.53516,52368.81641,50671.75781,51839.17969,51839.17969,28624907020,2/21/24
51854.64453,52009.61328,50926.29297,51304.97266,51304.97266,25413900611,2/22/24
51283.90625,51497.93359,50561.77734,50731.94922,50731.94922,21427078270,2/23/24
50736.37109,51684.19531,50585.44531,51571.10156,51571.10156,15174077879,2/24/24
51565.21484,51950.02734,51306.17188,51733.23828,51733.23828,15413239245,2/25/24
51730.53906,54938.17578,50931.03125,54522.40234,54522.40234,34074411896,2/26/24
54519.36328,57537.83984,54484.19922,57085.37109,57085.37109,49756832031,2/27/24
57071.09766,63913.13281,56738.42578,62504.78906,62504.78906,83239156760,2/28/24
62499.18359,63585.64453,60498.73047,61198.38281,61198.38281,65496611844,2/29/24
61168.0625,63155.10156,60802.52734,62440.63281,62440.63281,40186368423,3/1/24
62431.65234,62458.69922,61657.28906,62029.84766,62029.84766,23888473685,3/2/24
62031.57813,63230.21094,61435.02344,63167.37109,63167.37109,26253811450,3/3/24
63137.00391,68537.03125,62386.51953,68330.41406,68330.41406,70670471105,3/4/24
68341.05469,69170.625,59323.91016,63801.19922,63801.19922,1.02803E+11,3/5/24
63776.05078,67637.92969,62848.67188,66106.80469,66106.80469,68750229073,3/6/24
66099.74219,68029.92188,65655.53125,66925.48438,66925.48438,46989543159,3/7/24
66938.09375,70083.05469,66230.45313,68300.09375,68300.09375,59202881172,3/8/24
68299.25781,68673.05469,68053.125,68498.88281,68498.88281,21609650379,3/9/24
68500.25781,70005.20313,68239.97656,69019.78906,69019.78906,35683977532,3/10/24
69020.54688,72850.71094,67194.88281,72123.90625,72123.90625,65716656765,3/11/24
72125.125,72825.65625,68728.85156,71481.28906,71481.28906,62554434520,3/12/24
71482.11719,73637.47656,71334.09375,73083.5,73083.5,48212536929,3/13/24
73079.375,73750.07031,68563.02344,71396.59375,71396.59375,59594605698,3/14/24
71387.875,72357.13281,65630.69531,69403.77344,69403.77344,78320453976,3/15/24
69392.48438,70046.27344,64801.39453,65315.11719,65315.11719,46842198371,3/16/24
65316.34375,68845.71875,64545.31641,68390.625,68390.625,44716864318,3/17/24
68371.30469,68897.13281,66594.22656,67548.59375,67548.59375,49261579492,3/18/24
67556.13281,68106.92969,61536.17969,61912.77344,61912.77344,74215844794,3/19/24
61930.15625,68115.25781,60807.78516,67913.67188,67913.67188,66792634382,3/20/24
67911.58594,68199.99219,64580.91797,65491.39063,65491.39063,44480350565,3/21/24
65489.92969,66623.75,62355.37109,63778.76172,63778.76172,41401116964,3/22/24
63802.72266,65976.39844,63038.49219,64062.20313,64062.20313,24738964812,3/23/24
64070.75391,67622.75781,63825.85156,67234.17188,67234.17188,27206630673,3/24/24
67234.09375,71162.59375,66414.83594,69958.8125,69958.8125,42700139523,3/25/24
69931.32813,71535.74219,69335.60938,69987.83594,69987.83594,36010437368,3/26/24
69991.89844,71727.6875,68381.92969,69455.34375,69455.34375,40827113309,3/27/24
69452.77344,71546.02344,68895.50781,70744.95313,70744.95313,34374900617,3/28/24
70744.79688,70913.09375,69076.65625,69892.82813,69892.82813,25230851763,3/29/24
69893.44531,70355.49219,69601.0625,69645.30469,69645.30469,17130241883,3/30/24
69647.78125,71377.78125,69624.86719,71333.64844,71333.64844,20050941373,3/31/24
71333.48438,71342.09375,68110.69531,69702.14844,69702.14844,34873527352,4/1/24
69705.02344,69708.38281,64586.59375,65446.97266,65446.97266,50705240709,4/2/24
65446.67188,66914.32031,64559.89844,65980.8125,65980.8125,34488018367,4/3/24
65975.69531,69291.25781,65113.79688,68508.84375,68508.84375,34439527442,4/4/24
68515.75781,68725.75781,66011.47656,67837.64063,67837.64063,33748230056,4/5/24
67840.57031,69629.60156,67491.71875,68896.10938,68896.10938,19967785809,4/6/24
68897.10938,70284.42969,68851.63281,69362.55469,69362.55469,21204930369,4/7/24
69362.55469,72715.35938,69064.24219,71631.35938,71631.35938,37261432669,4/8/24
71632.5,71742.50781,68212.92188,69139.01563,69139.01563,36426900409,4/9/24
69140.24219,71093.42969,67503.5625,70587.88281,70587.88281,38318601774,4/10/24
70575.73438,71256.23438,69571.8125,70060.60938,70060.60938,30153382941,4/11/24
70061.38281,71222.74219,65254.83594,67195.86719,67195.86719,44129299406,4/12/24
67188.375,67931.42969,60919.10547,63821.47266,63821.47266,52869738185,4/13/24
63836.23047,65824.42969,62205.85156,65738.72656,65738.72656,49084320047,4/14/24
65739.64844,66878.64844,62332.07031,63426.21094,63426.21094,43595917654,4/15/24
63419.29688,64355.66797,61716.40234,63811.86328,63811.86328,42847528078,4/16/24
63831.84766,64486.36328,59768.58594,61276.69141,61276.69141,41915247049,4/17/24
61275.31641,64125.6875,60833.48047,63512.75391,63512.75391,36006307335,4/18/24
63510.75,65481.59766,59651.39063,63843.57031,63843.57031,49920425401,4/19/24
63851.10156,65442.45703,63172.40234,64994.44141,64994.44141,23097485495,4/20/24
64992.81641,65723.24219,64277.72266,64926.64453,64926.64453,20506644853,4/21/24
64935.63281,67233.96094,64548.17969,66837.67969,66837.67969,28282686673,4/22/24
66839.89063,67199.24219,65864.86719,66407.27344,66407.27344,24310975583,4/23/24
66408.71875,67075.36719,63589.87109,64276.89844,64276.89844,30276655120,4/24/24
64275.01953,65275.20703,62783.63281,64481.70703,64481.70703,32155786816,4/25/24
64485.37109,64789.65625,63322.39844,63755.32031,63755.32031,24139372950,4/26/24
63750.98828,63898.36328,62424.71875,63419.14063,63419.14063,19530783039,4/27/24
63423.51563,64321.48438,62793.59766,63113.23047,63113.23047,17334827993,4/28/24
63106.36328,64174.87891,61795.45703,63841.12109,63841.12109,26635912073,4/29/24
63839.41797,64703.33203,59120.06641,60636.85547,60636.85547,37840840057,4/30/24
60609.49609,60780.5,56555.29297,58254.01172,58254.01172,48439780271,5/1/24
58253.70313,59602.29688,56937.20313,59123.43359,59123.43359,32711813559,5/2/24
59122.30078,63320.50391,58848.3125,62889.83594,62889.83594,33172023048,5/3/24
62891.03125,64494.95703,62599.35156,63891.47266,63891.47266,20620477992,5/4/24
63892.45313,64610.89063,62955.30469,64031.13281,64031.13281,18296164805,5/5/24
64038.3125,65494.90234,62746.23828,63161.94922,63161.94922,28697928697,5/6/24
63162.76172,64390.45703,62285.98047,62334.81641,62334.81641,25930730982,5/7/24
62332.64063,62986.08594,60877.12891,61187.94141,61187.94141,26088172222,5/8/24
61191.19922,63404.91406,60648.07422,63049.96094,63049.96094,25453338161,5/9/24
63055.19141,63446.74219,60208.78125,60792.77734,60792.77734,27804954694,5/10/24
60793.35547,61451.15234,60492.625,60793.71094,60793.71094,13842272968,5/11/24
60793.50391,61818.15625,60632.60156,61448.39453,61448.39453,13800459405,5/12/24
61451.21875,63422.66016,60769.83984,62901.44922,62901.44922,27889181179,5/13/24
62900.77344,63092.125,61123.76563,61552.78906,61552.78906,28186271527,5/14/24
61553.98828,66454.45313,61330.41016,66267.49219,66267.49219,39815167074,5/15/24
66256.10938,66712.42969,64613.05469,65231.58203,65231.58203,31573077994,5/16/24
65231.29688,67459.46094,65119.31641,67051.875,67051.875,28031279310,5/17/24
67066.21094,67387.32813,66663.5,66940.80469,66940.80469,16712277406,5/18/24
66937.92969,67694.29688,65937.17969,66278.36719,66278.36719,19249094538,5/19/24
66278.74219,71483.5625,66086.17188,71448.19531,71448.19531,43850655717,5/20/24
71443.0625,71946.46094,69191.125,70136.53125,70136.53125,46932005990,5/21/24
70135.32031,70623.69531,68977.69531,69122.33594,69122.33594,32802561717,5/22/24
69121.30469,70041.27344,66356.95313,67929.5625,67929.5625,41895680979,5/23/24
67928.13281,69220.29688,66622.67188,68526.10156,68526.10156,29197308153,5/24/24
68526.92188,69579.32031,68515.82031,69265.94531,69265.94531,15473071741,5/25/24
69264.28906,69506.22656,68183.89063,68518.09375,68518.09375,15628433737,5/26/24
68512.17969,70597.88281,68232.5,69394.55469,69394.55469,25870990717,5/27/24
69392.19531,69514.64063,67227.15625,68296.21875,68296.21875,32722265965,5/28/24
68296.35156,68852.46094,67101.49219,67578.09375,67578.09375,26707072906,5/29/24
67576.08594,69500.53906,67118.07813,68364.99219,68364.99219,29509712534,5/30/24
68362.51563,68999.5625,66633.42188,67491.41406,67491.41406,27387283769,5/31/24
67489.60938,67839.76563,67386.19531,67706.9375,67706.9375,11641495604,6/1/24
67710.27344,68409.16406,67315.52344,67751.60156,67751.60156,17110588415,6/2/24
67753.89844,70230.82031,67589.83594,68804.78125,68804.78125,32401285324,6/3/24
68804.57031,71047.40625,68564.64063,70567.76563,70567.76563,33149696545,6/4/24
70568.35156,71735.41406,70390.71094,71082.82031,71082.82031,32810771409,6/5/24
71082.84375,71625.73438,70119.125,70757.16406,70757.16406,25223152007,6/6/24
70759.1875,71907.85156,68507.25781,69342.58594,69342.58594,36188381096,6/7/24
69324.17969,69533.32031,69210.74219,69305.77344,69305.77344,14262185861,6/8/24
69297.49219,69817.52344,69160.84375,69647.99219,69647.99219,13534028500,6/9/24
69644.3125,70146.07031,69232.42188,69512.28125,69512.28125,20597699541,6/10/24
69508.07813,69549.41406,66123.60156,67332.03125,67332.03125,37116136345,6/11/24
67321.375,69977.89063,66902.45313,68241.1875,68241.1875,34497940694,6/12/24
68243.10156,68365.78125,66304.5625,66756.39844,66756.39844,28955204146,6/13/24
66747.57031,67294.64844,65056.89453,66011.09375,66011.09375,27403884779,6/14/24
66006.74219,66402.1875,65871.77344,66191,66191,14121265576,6/15/24
66189.35938,66894.84375,66018.25,66639.04688,66639.04688,13281140541,6/16/24
66636.51563,67188.32031,65094.96484,66490.29688,66490.29688,30006354476,6/17/24
66490.97656,66556.70313,64066.95703,65140.74609,65140.74609,39481285950,6/18/24
65146.66016,65695.35156,64693.30078,64960.29688,64960.29688,21103423504,6/19/24
64960.29688,66438.96094,64547.84766,64828.65625,64828.65625,25641109124,6/20/24
64837.98828,65007.54688,63378.89453,64096.19922,64096.19922,26188171739,6/21/24
64113.86328,64475.46875,63929.75781,64252.57813,64252.57813,9858198793,6/22/24
64248.96484,64491.70313,63180.79688,63180.79688,63180.79688,11170471802,6/23/24
63173.35156,63292.52734,58601.69922,60277.41406,60277.41406,43152133651,6/24/24
60266.28125,62258.26172,60239.75,61804.64063,61804.64063,29201215431,6/25/24
61789.67578,62434.13672,60695.1875,60811.27734,60811.27734,22506003064,6/26/24
60811.22656,62293.86328,60585.33203,61604.80078,61604.80078,21231745045,6/27/24
61612.80469,62126.09766,59985.40234,60320.13672,60320.13672,24952866877,6/28/24
60319.875,61097.62109,60300.96484,60887.37891,60887.37891,12652903396,6/29/24
60888.44531,62892.82813,60632.94922,62678.29297,62678.29297,17333226409,6/30/24
62673.60547,63697.98047,62521.28516,62579.61719,62579.61719,21739890688,7/1/24
